Area,BHK,Bathroom,Furnishing,Parking,Price,Transaction,Type,Price Per_Sqft
800,3,2,Semi-Furnished,1,6500000,New_Property,Builder_Floor,
750,2,2,Semi-Furnished,1,5000000,New_Property,Apartment,6667
950,2,2,Furnished,1,15500000,Resale,Apartment,6667
600,2,2,Semi-Furnished,1,4200000,Resale,Builder_Floor,6667
650,2,2,Semi-Furnished,1,6200000,New_Property,Builder_Floor,6667
1300,4,3,Semi-Furnished,1,15500000,New_Property,Builder_Floor,6667
1350,4,3,Semi-Furnished,1,10000000,Resale,Builder_Floor,6667
650,2,2,Semi-Furnished,1,4000000,New_Property,Apartment,6154
985,3,3,Unfurnished,1,6800000,New_Property,Builder_Floor,6154
1300,4,4,Semi-Furnished,1,15000000,New_Property,Builder_Floor,6154
1100,3,2,Semi-Furnished,1,6200000,New_Property,Builder_Floor,6154
870,3,2,Semi-Furnished,1,7700000,New_Property,Builder_Floor,6154
630,2,2,Semi-Furnished,1,5500000,New_Property,Builder_Floor,6154
660,2,2,Semi-Furnished,1,5000000,Resale,Builder_Floor,6154
344.4448,2,2,Semi-Furnished,1,3310000,Resale,Builder_Floor,6154
660,2,2,Semi-Furnished,1,4700000,New_Property,Builder_Floor,6154
550,2,2,Semi-Furnished,1,4500000,New_Property,Builder_Floor,6154
1100,4,3,Semi-Furnished,1,17000000,New_Property,Builder_Floor,6154
1150,3,3,Semi-Furnished,1,25000000,Resale,Apartment,6154
650,2,2,Semi-Furnished,1,6000000,Resale,Builder_Floor,6154
850,2,2,Semi-Furnished,1,11000000,Resale,Apartment,6154
900,3,2,Semi-Furnished,5,4500000,Resale,Builder_Floor,6154
430.556,1,1,Furnished,2,5300000,Resale,Apartment,6154
900,2,2,Semi-Furnished,1,10500000,Resale,Apartment,6154
914.9315,2,2,Semi-Furnished,1,12000000,Resale,Builder_Floor,6154
1100,3,3,Furnished,1,7000000,New_Property,Builder_Floor,6364
800,3,2,Semi-Furnished,1,7000000,Resale,Builder_Floor,8750
500,1,1,Semi-Furnished,1,3400000,Resale,Apartment,8750
28,2,2,Furnished,1,5000000,New_Property,Apartment,8750
2160,4,4,Furnished,1,21000000,New_Property,Builder_Floor,9722
1500,1,,Unfurnished,,13500000,Resale,Apartment,
800,2,2,Unfurnished,1,15000000,New_Property,Builder_Floor,
900,2,2,Unfurnished,1,10500000,New_Property,Builder_Floor,
1080,3,2,Semi-Furnished,1,22500000,New_Property,Builder_Floor,
750,2,2,Unfurnished,1,13600000,New_Property,Builder_Floor,
1450,3,3,Semi-Furnished,2,30000000,New_Property,Builder_Floor,
900,2,2,Semi-Furnished,1,13500000,New_Property,Apartment,
810,2,2,Semi-Furnished,1,8910000,Resale,Builder_Floor,
1350,3,4,Unfurnished,1,25000000,Resale,Apartment,
1710,3,3,Semi-Furnished,4,26000000,New_Property,Builder_Floor,
1650,3,3,Semi-Furnished,1,30000000,Resale,Builder_Floor,
1280,2,2,Furnished,1,12500000,Resale,Builder_Floor,
1260,3,3,Semi-Furnished,1,21000000,Resale,Builder_Floor,
1130,2,2,Unfurnished,1,7800000,Resale,Builder_Floor,
600,2,2,Semi-Furnished,1,11500000,New_Property,Builder_Floor,
850,2,2,Semi-Furnished,1,11500000,Resale,Builder_Floor,
1500,3,3,Semi-Furnished,2,26000000,New_Property,Builder_Floor,
900,2,2,Semi-Furnished,2,13000000,New_Property,Builder_Floor,14444
1000,3,3,Semi-Furnished,1,22000000,New_Property,Builder_Floor,22000
900,2,2,Semi-Furnished,1,15800000,New_Property,Builder_Floor,22000
2925,4,4,Unfurnished,2,57500000,New_Property,Builder_Floor,22000
900,2,2,Unfurnished,2,10000000,Resale,Builder_Floor,22000
1600,3,3,Unfurnished,2,30000000,New_Property,Builder_Floor,22000
1143,3,3,Unfurnished,2,22000000,New_Property,Builder_Floor,22000
1150,3,3,Semi-Furnished,2,24000000,New_Property,Builder_Floor,22000
1500,3,3,Semi-Furnished,1,31500000,Resale,Builder_Floor,22000
850,2,2,Semi-Furnished,1,14600000,Resale,Builder_Floor,22000
8000,4,5,Semi-Furnished,1,240000000,New_Property,Builder_Floor,22000
890,2,2,Semi-Furnished,1,8300000,Resale,Builder_Floor,22000
1100,3,3,Unfurnished,1,22500000,New_Property,Builder_Floor,22000
750,1,1,Furnished,2,4600000,Resale,Apartment,
850,2,1,Semi-Furnished,2,1900000,New_Property,Apartment,2235
1350,3,2,Unfurnished,1,5130000,New_Property,Apartment,3800
1387,4,4,Unfurnished,1,5890000,New_Property,Apartment,4247
1050,3,2,Unfurnished,1,3700000,New_Property,Apartment,3524
1500,3,2,Unfurnished,1,17400000,Resale,Apartment,3524
1200,3,3,Semi-Furnished,1,15500000,Resale,Apartment,3524
700,2,1,Semi-Furnished,1,2400000,New_Property,Apartment,3524
1700,3,2,Semi-Furnished,1,17200000,Resale,Apartment,3524
1550,3,2,Furnished,2,14200000,Resale,Apartment,3524
1400,3,3,Semi-Furnished,1,13500000,Resale,Apartment,3524
1900,4,4,Semi-Furnished,1,30000000,Resale,Apartment,3524
2160,4,3,Unfurnished,1,21000000,Resale,Apartment,3524
1700,4,3,Unfurnished,1,20500000,Resale,Apartment,3524
1850,3,4,Semi-Furnished,1,24000000,Resale,Apartment,3524
1800,4,2,Semi-Furnished,1,16500000,Resale,Apartment,3524
1620,3,2,Semi-Furnished,1,14900000,Resale,Apartment,3524
1800,4,3,Furnished,1,19200000,Resale,Apartment,3524
1540,3,3,Semi-Furnished,1,14500000,Resale,Apartment,3524
1600,3,3,Semi-Furnished,1,15600000,Resale,Apartment,3524
1400,3,2,Unfurnished,1,11400000,Resale,Apartment,3524
2300,4,4,Furnished,1,31500000,Resale,Apartment,3524
1560,3,2,Furnished,2,15800000,Resale,Apartment,3524
1500,3,3,Semi-Furnished,2,16000000,Resale,Apartment,3524
1540,3,3,Semi-Furnished,1,14500000,Resale,Apartment,3524
1050,2,2,Unfurnished,1,10500000,Resale,Apartment,3524
1800,3,2,Semi-Furnished,1,14800000,Resale,Apartment,3524
400,1,1,Semi-Furnished,1,1850000,New_Property,Builder_Floor,3524
1150,3,2,Semi-Furnished,1,6800000,New_Property,Builder_Floor,3524
1525,3,3,Semi-Furnished,1,14200000,Resale,Apartment,3524
900,1,1,Semi-Furnished,,8900000,Resale,Builder_Floor,
1450,3,3,Semi-Furnished,2,37500000,New_Property,Builder_Floor,
1450,3,3,Semi-Furnished,2,30000000,New_Property,Builder_Floor,
1260,3,3,Semi-Furnished,2,21000000,Resale,Builder_Floor,
2925,4,4,Unfurnished,2,57500000,New_Property,Builder_Floor,
1710,3,3,Semi-Furnished,1,30000000,Resale,Builder_Floor,
1600,3,3,Unfurnished,1,30000000,New_Property,Builder_Floor,
1500,3,3,Semi-Furnished,1,31500000,Resale,Builder_Floor,
2200,3,3,Unfurnished,1,30000000,Resale,Builder_Floor,
1350,3,3,Unfurnished,1,41500000,New_Property,Builder_Floor,
1710,3,3,Semi-Furnished,1,24800000,Resale,Builder_Floor,
1350,3,3,Semi-Furnished,2,35000000,Resale,Builder_Floor,
1500,3,3,Semi-Furnished,1,40000000,Resale,Builder_Floor,26666
2880,4,5,Unfurnished,1,46000000,New_Property,Builder_Floor,15972
2700,4,4,Semi-Furnished,2,55000000,Resale,Builder_Floor,183333
1400,3,3,Unfurnished,1,24500000,Resale,Builder_Floor,183333
1800,3,3,Unfurnished,1,24500000,Resale,Apartment,183333
1400,3,3,Semi-Furnished,1,32500000,New_Property,Builder_Floor,183333
1000,2,2,Furnished,1,20000000,Resale,Apartment,20000
8000,4,5,Semi-Furnished,1,240000000,New_Property,Builder_Floor,20000
1000,2,2,Furnished,1,20000000,Resale,Apartment,20000
1700,3,3,Furnished,2,19000000,Resale,Builder_Floor,20000
1600,3,3,Unfurnished,2,26000000,Resale,Builder_Floor,20000
1350,3,3,Unfurnished,1,21000000,Resale,Builder_Floor,15556
1700,3,3,Semi-Furnished,1,27500000,Resale,Builder_Floor,16176
1400,3,3,Semi-Furnished,2,32500000,New_Property,Builder_Floor,16176
1450,3,3,Semi-Furnished,1,45000000,New_Property,Builder_Floor,16176
1350,3,3,Semi-Furnished,1,21000000,Resale,Builder_Floor,15556
1700,3,3,Unfurnished,1,28000000,Resale,Builder_Floor,15556
1600,3,3,Unfurnished,2,29500000,Resale,Builder_Floor,15556
1500,1,,Unfurnished,,13500000,Resale,Apartment,
800,2,2,Unfurnished,1,14000000,New_Property,Builder_Floor,
1710,3,3,Semi-Furnished,4,26000000,New_Property,Builder_Floor,
1350,2,2,Furnished,4,12500000,Resale,Builder_Floor,9259
1500,3,3,Semi-Furnished,2,26000000,New_Property,Builder_Floor,9259
750,2,2,Semi-Furnished,2,11500000,New_Property,Builder_Floor,9259
850,2,2,Semi-Furnished,2,14600000,Resale,Builder_Floor,9259
1575,3,3,Semi-Furnished,1,25500000,New_Property,Builder_Floor,9259
1675,3,3,Semi-Furnished,2,31000000,New_Property,Builder_Floor,18507
1350,3,3,Semi-Furnished,2,22000000,Resale,Builder_Floor,18507
900,2,2,Semi-Furnished,2,13400000,New_Property,Builder_Floor,18507
1800,3,3,Semi-Furnished,2,35000000,New_Property,Builder_Floor,18507
900,2,2,Furnished,2,11000000,Resale,Builder_Floor,18507
900,2,2,Unfurnished,2,6300000,Resale,Builder_Floor,7000
900,2,2,Furnished,2,12500000,Resale,Builder_Floor,7000
800,2,2,Unfurnished,1,14500000,New_Property,Builder_Floor,7000
1100,2,3,Semi-Furnished,1,22500000,New_Property,Builder_Floor,7000
810,2,2,Semi-Furnished,1,15500000,New_Property,Builder_Floor,7000
1500,3,3,Semi-Furnished,1,26000000,New_Property,Builder_Floor,7000
900,2,2,Semi-Furnished,1,15800000,New_Property,Builder_Floor,7000
825,2,2,Unfurnished,1,15000000,New_Property,Builder_Floor,7000
900,2,2,Unfurnished,1,13000000,New_Property,Builder_Floor,7000
875,2,2,Unfurnished,1,15000000,New_Property,Builder_Floor,7000
1350,3,3,Semi-Furnished,1,25000000,New_Property,Builder_Floor,7000
750,2,2,Semi-Furnished,1,16500000,New_Property,Builder_Floor,7000
900,2,2,Unfurnished,1,10300000,New_Property,Builder_Floor,7000
1350,3,3,Semi-Furnished,1,26000000,New_Property,Builder_Floor,7000
900,2,2,Unfurnished,1,11000000,Resale,Builder_Floor,7000
1800,3,3,Unfurnished,1,28500000,New_Property,Builder_Floor,7000
900,2,2,Unfurnished,1,11000000,Resale,Builder_Floor,7000
900,2,1,Furnished,1,11000000,Resale,Apartment,
810,3,2,Semi-Furnished,1,4500000,Resale,Builder_Floor,
450,2,1,Unfurnished,1,3600000,Resale,Builder_Floor,72000
100,3,2,Furnished,1,4300000,New_Property,Builder_Floor,43000
900,3,2,Semi-Furnished,1,4000000,Resale,Builder_Floor,4444
500,2,2,Semi-Furnished,1,1650000,Resale,Apartment,3300
450,1,1,Furnished,1,2000000,Resale,Builder_Floor,4444
75,2,2,Semi-Furnished,1,3000000,Resale,Builder_Floor,40000
270,2,1,Semi-Furnished,1,1400000,Resale,Apartment,5185
500,2,1,Semi-Furnished,1,2000000,Resale,Builder_Floor,4000
444,2,2,Unfurnished,1,2000000,Resale,Apartment,4000
400,1,1,Furnished,1,2000000,Resale,Builder_Floor,4000
729,3,4,Furnished,1,2600000,Resale,Builder_Floor,3567
4050,6,3,Furnished,1,5100000,Resale,Builder_Floor,1259
2400,6,4,Furnished,1,6000000,Resale,Builder_Floor,2500
450,2,2,Furnished,1,4000000,Resale,Builder_Floor,2500
405,2,3,Furnished,1,6200000,Resale,Builder_Floor,2500
666,1,2,Furnished,1,3500000,Resale,Builder_Floor,5255
1000,2,2,Semi-Furnished,1,7600000,Resale,Apartment,5255
1360,4,3,Semi-Furnished,1,13500000,New_Property,Builder_Floor,5255
1550,4,3,Semi-Furnished,1,12500000,New_Property,Builder_Floor,5255
850,3,2,Semi-Furnished,1,6500000,New_Property,Builder_Floor,5255
2170,4,4,Unfurnished,2,22000000,New_Property,Builder_Floor,5255
720,3,2,Semi-Furnished,1,6000000,New_Property,Builder_Floor,5255
850,3,2,Semi-Furnished,1,7300000,New_Property,Builder_Floor,5255
950,3,2,Semi-Furnished,1,7600000,New_Property,Builder_Floor,5255
2300,4,4,Semi-Furnished,1,20000000,New_Property,Builder_Floor,5255
1300,4,4,Semi-Furnished,1,15000000,New_Property,Builder_Floor,5255
1100,3,2,Semi-Furnished,1,6200000,New_Property,Builder_Floor,5255
1030,3,2,Furnished,1,6200000,New_Property,Builder_Floor,5255
350,1,1,Semi-Furnished,1,2300000,New_Property,Builder_Floor,
750,2,2,Semi-Furnished,1,5000000,New_Property,Apartment,6667
720,2,2,Semi-Furnished,1,4700000,New_Property,Apartment,6528
800,2,2,Semi-Furnished,1,5500000,New_Property,Apartment,6875
350,1,1,Semi-Furnished,1,2000000,New_Property,Apartment,5714
980,3,2,Semi-Furnished,1,7300000,New_Property,Apartment,7449
1600,4,3,Semi-Furnished,1,13000000,New_Property,Apartment,8125
1450,3,3,Semi-Furnished,1,11500000,New_Property,Apartment,7931
445,2,2,Semi-Furnished,1,2800000,New_Property,Apartment,7931
380,1,1,Semi-Furnished,1,2200000,New_Property,Apartment,5789
680,2,2,Semi-Furnished,1,4400000,New_Property,Apartment,6471
1600,3,3,Semi-Furnished,1,13500000,New_Property,Apartment,8438
630,2,2,Semi-Furnished,1,4100000,New_Property,Apartment,6508
1500,3,2,Semi-Furnished,1,12000000,New_Property,Apartment,8000
550,2,2,Semi-Furnished,1,3500000,New_Property,Apartment,6364
2500,4,3,Semi-Furnished,1,15000000,New_Property,Apartment,6000
2800,5,4,Semi-Furnished,1,17500000,New_Property,Apartment,6250
300,1,1,Semi-Furnished,1,1900000,New_Property,Apartment,6333
800,3,2,Semi-Furnished,1,5500000,New_Property,Apartment,6875
1295,3,2,Semi-Furnished,1,10000000,New_Property,Apartment,6875
700,3,2,Semi-Furnished,1,4700000,New_Property,Apartment,6714
350,1,1,Semi-Furnished,1,2400000,New_Property,Builder_Floor,6714
450,2,2,Semi-Furnished,1,3800000,New_Property,Builder_Floor,6714
2200,4,4,Semi-Furnished,1,23000000,New_Property,Builder_Floor,6714
2300,4,4,Semi-Furnished,1,24500000,New_Property,Builder_Floor,6714
1150,3,2,Semi-Furnished,1,10000000,New_Property,Builder_Floor,6714
800,3,2,Semi-Furnished,1,5500000,New_Property,Builder_Floor,6714
850,3,2,Semi-Furnished,1,7000000,New_Property,Builder_Floor,6714
720,3,2,Semi-Furnished,1,6500000,New_Property,Builder_Floor,6714
4688,5,4,Unfurnished,1,135000000,New_Property,Apartment,28797
750,2,2,Semi-Furnished,1,5000000,New_Property,Apartment,6667
3901,4,4,Unfurnished,1,93000000,New_Property,Apartment,23840
950,3,2,Furnished,1,4370000,New_Property,Apartment,4600
1000,3,2,Unfurnished,1,4620000,New_Property,Apartment,4620
850,2,1,Semi-Furnished,1,1900000,New_Property,Apartment,2235
2400,4,4,Semi-Furnished,1,70000000,New_Property,Apartment,2235
1350,3,2,Unfurnished,1,5130000,New_Property,Apartment,3800
540,2,2,Semi-Furnished,1,3000000,New_Property,Apartment,5000
1387,4,4,Unfurnished,1,5890000,New_Property,Apartment,4247
540,2,2,Semi-Furnished,1,3300000,New_Property,Apartment,6111
976,2,2,Furnished,1,24900000,New_Property,Apartment,25512
1050,3,2,Unfurnished,1,3700000,New_Property,Apartment,3524
2700,4,3,Semi-Furnished,1,60000000,New_Property,Builder_Floor,22222
1500,3,2,Unfurnished,1,17400000,Resale,Apartment,22222
2900,5,5,Furnished,1,51000000,New_Property,Builder_Floor,22222
5025,5,6,Unfurnished,4,170000000,New_Property,Builder_Floor,22222
1000,3,2,Semi-Furnished,1,5510000,New_Property,Builder_Floor,22222
1135,3,3,Furnished,2,25000000,Resale,Apartment,22222
2306,3,3,Unfurnished,1,57000000,New_Property,Apartment,24718
850,2,2,Semi-Furnished,1,2940000,New_Property,Apartment,24718
1200,3,3,Semi-Furnished,1,15500000,Resale,Apartment,24718
1700,3,2,Semi-Furnished,1,17200000,Resale,Apartment,24718
1800,4,3,Semi-Furnished,2,55000000,Resale,Builder_Floor,30556
1100,2,2,Semi-Furnished,1,15000000,Resale,Apartment,30556
22050,4,4,Semi-Furnished,2,51000000,New_Property,Builder_Floor,30556
1550,4,3,Semi-Furnished,1,13000000,New_Property,Builder_Floor,30556
1600,3,3,Semi-Furnished,1,30000000,New_Property,Builder_Floor,18750
700,2,2,Semi-Furnished,1,2400000,New_Property,Builder_Floor,18750
45,4,3,Unfurnished,1,5500000,New_Property,Builder_Floor,18750
3510,4,4,Semi-Furnished,2,45000000,Resale,Builder_Floor,
4500,4,4,Semi-Furnished,2,60000000,New_Property,Builder_Floor,120000
1800,4,4,Semi-Furnished,2,65000000,New_Property,Builder_Floor,120000
6000,5,5,Semi-Furnished,9,220000000,New_Property,Builder_Floor,120000
4300,4,4,Unfurnished,2,60000000,Resale,Builder_Floor,120000
1700,3,3,Semi-Furnished,2,38500000,New_Property,Builder_Floor,120000
2500,3,3,Semi-Furnished,2,50000000,Resale,Apartment,120000
4500,4,4,Semi-Furnished,2,75000000,New_Property,Builder_Floor,120000
2450,4,4,Furnished,2,70000000,New_Property,Builder_Floor,120000
10350,4,7,Semi-Furnished,3,160000000,New_Property,Apartment,15459
4800,3,4,Semi-Furnished,1,85000000,Resale,Builder_Floor,15459
1600,3,3,Semi-Furnished,2,40000000,Resale,Apartment,15459
3500,4,4,Unfurnished,2,90000000,Resale,Builder_Floor,15459
2100,4,5,Semi-Furnished,2,56000000,New_Property,Builder_Floor,15459
4200,5,5,Semi-Furnished,2,135500000,New_Property,Builder_Floor,15459
1500,3,3,Semi-Furnished,2,60000000,New_Property,Builder_Floor,15459
8150,4,5,Unfurnished,4,170000000,New_Property,Builder_Floor,15459
2200,4,4,Semi-Furnished,2,50000000,Resale,Builder_Floor,15459
3500,4,5,Semi-Furnished,2,58000000,New_Property,Builder_Floor,15459
2070,3,3,Semi-Furnished,2,37500000,New_Property,Builder_Floor,15459
3500,3,3,Unfurnished,1,45000000,Resale,Builder_Floor,15459
2000,4,4,Semi-Furnished,3,70000000,New_Property,Builder_Floor,15459
2800,6,4,Semi-Furnished,2,29500000,Resale,Apartment,15459
2550,4,4,Unfurnished,1,60000000,Resale,Builder_Floor,23529
4500,4,4,Semi-Furnished,2,70000000,Resale,Builder_Floor,23529
1400,3,3,Semi-Furnished,2,50000000,New_Property,Builder_Floor,23529
2800,4,5,Semi-Furnished,2,75000000,New_Property,Builder_Floor,23529
2700,4,4,Semi-Furnished,2,52500000,New_Property,Builder_Floor,23529
4500,4,4,Semi-Furnished,2,55000000,Resale,Builder_Floor,23529
7200,4,4,Semi-Furnished,2,120000000,Resale,Builder_Floor,16667
2799,4,4,Semi-Furnished,,65000000,New_Property,Builder_Floor,
2650,4,4,Unfurnished,2,75000000,New_Property,Builder_Floor,
2200,4,4,Semi-Furnished,2,47500000,New_Property,Builder_Floor,
3500,5,5,Semi-Furnished,1,70000000,New_Property,Builder_Floor,20000
2200,4,4,Semi-Furnished,2,47500000,New_Property,Builder_Floor,20000
2200,4,4,Semi-Furnished,1,40000000,New_Property,Builder_Floor,20000
3500,4,4,Semi-Furnished,3,85000000,New_Property,Builder_Floor,20000
1440,3,3,Semi-Furnished,3,26000000,New_Property,Builder_Floor,20000
3150,4,4,Semi-Furnished,3,35000000,Resale,Builder_Floor,11111
900,2,2,Semi-Furnished,3,20000000,Resale,Builder_Floor,11111
3690,4,5,Semi-Furnished,3,79000000,New_Property,Builder_Floor,21409
1200,3,2,Semi-Furnished,3,17000000,Resale,Builder_Floor,21409
4500,4,4,Semi-Furnished,2,47500000,Resale,Builder_Floor,95000
2799,4,4,Semi-Furnished,2,43000000,New_Property,Builder_Floor,15363
1350,3,3,Unfurnished,1,26000000,New_Property,Builder_Floor,19259
1200,3,3,Unfurnished,1,25000000,New_Property,Builder_Floor,20833
2177,4,5,Semi-Furnished,2,51000000,New_Property,Builder_Floor,20833
1500,3,3,Semi-Furnished,2,40000000,New_Property,Builder_Floor,20833
1600,3,3,Unfurnished,1,22500000,Resale,Builder_Floor,20833
4500,4,4,Semi-Furnished,1,70000000,New_Property,Builder_Floor,20833
2150,4,4,Unfurnished,2,45000000,New_Property,Builder_Floor,20930
2107,4,4,Semi-Furnished,2,51100000,New_Property,Apartment,20930
1150,3,3,Semi-Furnished,1,25500000,New_Property,Builder_Floor,20930
1240,3,3,Unfurnished,2,26500000,New_Property,Builder_Floor,20930
1000,2,2,Unfurnished,1,15000000,Resale,Builder_Floor,20930
4500,4,4,Semi-Furnished,2,55000000,Resale,Builder_Floor,20930
1150,3,3,Semi-Furnished,2,26000000,New_Property,Builder_Floor,20930
2000,4,4,Semi-Furnished,2,38000000,Resale,Builder_Floor,20930
4500,4,5,Semi-Furnished,2,72500000,Resale,Builder_Floor,20930
3000,4,5,Semi-Furnished,4,65000000,New_Property,Builder_Floor,20930
700,2,2,Unfurnished,,4600000,New_Property,Builder_Floor,
750,2,2,Semi-Furnished,,9200000,Resale,Builder_Floor,
1350,4,3,Unfurnished,2,9500000,Resale,Apartment,
900,2,2,Semi-Furnished,1,4500000,Resale,Builder_Floor,
970,3,2,Semi-Furnished,1,6500000,Resale,Builder_Floor,
1000,3,2,Furnished,1,5650000,Resale,Builder_Floor,
1425,3,3,Semi-Furnished,1,9300000,Resale,Builder_Floor,6526
440,2,2,Unfurnished,1,2700000,Resale,Apartment,6526
1017,2,2,Furnished,1,6500000,New_Property,Builder_Floor,6526
650,2,2,Semi-Furnished,1,5800000,Resale,Apartment,6526
950,3,2,Semi-Furnished,1,5500000,Resale,Apartment,6526
810,3,2,Semi-Furnished,1,6000000,Resale,Builder_Floor,6526
750,2,2,Unfurnished,1,4500000,Resale,Builder_Floor,6526
990,2,2,Semi-Furnished,2,4100000,Resale,Builder_Floor,6526
800,3,2,Semi-Furnished,2,3800000,Resale,Builder_Floor,6526
675,2,1,Unfurnished,1,3300000,Resale,Apartment,6526
558,2,1,Unfurnished,1,2900000,New_Property,Builder_Floor,6526
445,2,1,Unfurnished,1,2000000,Resale,Builder_Floor,6526
360,2,1,Unfurnished,1,1550000,New_Property,Builder_Floor,6526
1350,4,3,Semi-Furnished,1,11300000,New_Property,Builder_Floor,6526
850,3,2,Semi-Furnished,1,4500000,Resale,Builder_Floor,6526
846,2,1,Unfurnished,1,3300000,New_Property,Apartment,3901
1300,4,3,Furnished,1,11500000,New_Property,Builder_Floor,3901
900,3,2,Semi-Furnished,1,6000000,New_Property,Builder_Floor,3901
1050,3,2,Semi-Furnished,1,9000000,Resale,Apartment,3901
850,2,2,Furnished,1,4500000,Resale,Builder_Floor,3901
1650,4,3,Furnished,1,14000000,New_Property,Apartment,3901
1150,2,2,Semi-Furnished,1,7300000,Resale,Apartment,6347
495.1394,1,1,Furnished,1,1900000,Resale,Builder_Floor,41304
1053,3,2,Furnished,4,7000000,Resale,Builder_Floor,41304
810,3,2,Semi-Furnished,1,6000000,Resale,Builder_Floor,
750,1,2,Semi-Furnished,1,6400000,Resale,Builder_Floor,
540,2,1,Furnished,1,2700000,New_Property,Apartment,5000
747,2,2,Furnished,1,6500000,Resale,Builder_Floor,8701
720,2,1,Unfurnished,1,4000000,Resale,Builder_Floor,5556
376.7365,1,1,Semi-Furnished,1,3000000,New_Property,Apartment,85715
1125,2,2,Unfurnished,1,5000000,Resale,Builder_Floor,4444
713,2,2,Semi-Furnished,1,6000000,New_Property,Builder_Floor,4444
360,1,1,Unfurnished,1,2500000,Resale,Builder_Floor,6944
900,2,2,Semi-Furnished,1,6500000,Resale,Apartment,7222
713,3,1,Unfurnished,1,8000000,Resale,Apartment,11220
504,2,1,Furnished,1,2700000,Resale,Builder_Floor,5357
70,1,2,Unfurnished,1,4500000,Resale,Apartment,5357
850,3,2,Furnished,1,5700000,Resale,Builder_Floor,6706
2430,4,3,Furnished,1,25000000,Resale,Builder_Floor,10288
2475,3,3,Furnished,1,70000000,Resale,Builder_Floor,28283
2970,7,4,Furnished,1,26500000,Resale,Builder_Floor,8923
2250,3,2,Furnished,1,18500000,Resale,Builder_Floor,8222
1500,5,3,Furnished,1,30000000,Resale,Builder_Floor,20000
1512,2,2,Furnished,1,22000000,Resale,Builder_Floor,14550
400,2,2,Furnished,1,9000000,Resale,Builder_Floor,14550
2160,3,3,Furnished,1,65000000,Resale,Builder_Floor,30093
630,3,2,Furnished,1,22500000,Resale,Builder_Floor,35714
324,6,3,Furnished,1,8700000,Resale,Builder_Floor,35714
720,6,5,Furnished,1,22000000,Resale,Builder_Floor,35714
675,4,2,Furnished,2,18500000,Resale,Builder_Floor,35714
700,2,1,Furnished,2,16000000,New_Property,Builder_Floor,22857
675,4,3,Furnished,2,16000000,Resale,Builder_Floor,22857
720,4,2,Furnished,2,9000000,Resale,Builder_Floor,12500
850,2,2,Furnished,1,4500000,Resale,Builder_Floor,12500
801,3,2,Semi-Furnished,1,6000000,New_Property,Builder_Floor,
450,1,2,Unfurnished,1,2700000,Resale,Builder_Floor,
1000,3,2,Unfurnished,1,6500000,Resale,Apartment,
990,3,2,Unfurnished,1,4000000,Resale,Apartment,4040
420,2,1,Semi-Furnished,1,2600000,New_Property,Builder_Floor,4040
450,2,1,Semi-Furnished,1,3500000,Resale,Builder_Floor,7778
1000,2,2,Unfurnished,1,7500000,Resale,Apartment,7778
900,3,2,Semi-Furnished,1,7000000,Resale,Builder_Floor,7778
800,3,2,Semi-Furnished,1,4500000,New_Property,Builder_Floor,7778
720,3,3,Semi-Furnished,2,5500000,Resale,Builder_Floor,7778
450,2,1,Semi-Furnished,2,2700000,New_Property,Builder_Floor,7778
675,2,2,Furnished,2,2400000,Resale,Builder_Floor,32000
1700,4,3,Unfurnished,2,11500000,New_Property,Builder_Floor,32000
550,2,2,Unfurnished,2,3600000,New_Property,Builder_Floor,32000
387,1,2,Unfurnished,2,1700000,New_Property,Builder_Floor,32000
450,2,1,Unfurnished,2,2500000,Resale,Apartment,32000
900,4,2,Furnished,1,6600000,Resale,Builder_Floor,32000
500,2,1,Semi-Furnished,1,3700000,Resale,Builder_Floor,32000
441,2,1,Unfurnished,1,3500000,Resale,Apartment,32000
800,3,2,Semi-Furnished,1,5400000,Resale,Builder_Floor,32000
450,2,2,Semi-Furnished,1,2550000,New_Property,Builder_Floor,5666
1000,3,3,Furnished,1,12500000,Resale,Builder_Floor,5666
715,2,2,Unfurnished,1,5600000,Resale,Apartment,5666
600,2,2,Unfurnished,1,7000000,Resale,Builder_Floor,11667
540,2,1,Unfurnished,1,3500000,Resale,Builder_Floor,11667
312,4,4,Furnished,1,35000000,Resale,Apartment,112179
810,3,2,Semi-Furnished,1,9000000,Resale,Builder_Floor,11111
270,1,1,Semi-Furnished,1,2300000,Resale,Builder_Floor,11111
900,3,2,Semi-Furnished,1,6000000,Resale,Builder_Floor,11111
1000,3,2,Unfurnished,1,6000000,Resale,Apartment,11111
540,2,2,Semi-Furnished,1,2650000,New_Property,Builder_Floor,
950,3,2,Furnished,1,4370000,New_Property,Apartment,4600
1000,3,2,Unfurnished,1,4620000,New_Property,Apartment,4620
540,2,2,Semi-Furnished,1,3000000,New_Property,Apartment,5000
540,2,2,Semi-Furnished,1,3300000,New_Property,Apartment,6111
1000,3,2,Semi-Furnished,1,5510000,New_Property,Builder_Floor,6111
500,2,2,Semi-Furnished,1,3200000,New_Property,Builder_Floor,6111
540,2,2,Semi-Furnished,1,2600000,New_Property,Builder_Floor,6111
780,3,2,Semi-Furnished,1,4000000,New_Property,Builder_Floor,6111
450,2,1,Semi-Furnished,1,1850000,New_Property,Builder_Floor,6111
360,1,1,Semi-Furnished,1,1700000,New_Property,Builder_Floor,6111
900,3,2,Semi-Furnished,1,2800000,New_Property,Builder_Floor,6111
495,2,2,Semi-Furnished,1,2150000,New_Property,Builder_Floor,6111
1200,4,3,Semi-Furnished,1,6800000,New_Property,Builder_Floor,6111
1000,3,2,Semi-Furnished,1,6200000,New_Property,Builder_Floor,6111
620,2,2,Semi-Furnished,1,3100000,New_Property,Builder_Floor,6111
680,3,2,Semi-Furnished,1,3400000,New_Property,Builder_Floor,6111
805,2,2,Unfurnished,1,4000000,Resale,Builder_Floor,6111
729,2,2,Semi-Furnished,1,4800000,Resale,Builder_Floor,6584
540,2,2,Semi-Furnished,1,2500000,New_Property,Builder_Floor,6584
360,1,1,Semi-Furnished,1,2000000,New_Property,Builder_Floor,6584
550,2,2,Semi-Furnished,1,1900000,New_Property,Builder_Floor,6584
1001,3,2,Furnished,1,5800000,New_Property,Builder_Floor,5794
450,2,2,Unfurnished,1,2900000,Resale,Builder_Floor,5794
550,2,1,Semi-Furnished,1,2000000,New_Property,Builder_Floor,5794
550,2,2,Semi-Furnished,1,2600000,New_Property,Builder_Floor,5794
675,2,1,Unfurnished,1,2900000,Resale,Builder_Floor,5794
585,2,2,Unfurnished,1,3200000,Resale,Builder_Floor,5794
810,3,2,Semi-Furnished,1,5400000,Resale,Builder_Floor,5794
765,3,2,Semi-Furnished,1,3800000,Resale,Builder_Floor,5794
4688,5,4,Unfurnished,1,135000000,New_Property,Apartment,28797
3901,4,4,Unfurnished,1,93000000,New_Property,Apartment,23840
70,2,3,Furnished,1,8200000,New_Property,Builder_Floor,23840
800,3,2,Unfurnished,1,8000000,Resale,Builder_Floor,23840
900,3,2,Semi-Furnished,1,9500000,Resale,Builder_Floor,23840
1680,4,5,Semi-Furnished,1,20000000,Resale,Builder_Floor,23840
900,2,2,Furnished,3,7400000,Resale,Builder_Floor,23840
2000,3,3,Semi-Furnished,1,37500000,Resale,Apartment,23840
2000,4,4,Semi-Furnished,3,15000000,Resale,Builder_Floor,7500
1900,3,3,Semi-Furnished,1,55300000,New_Property,Apartment,7500
1530,3,3,Semi-Furnished,2,26500000,Resale,Builder_Floor,7500
100,3,2,Semi-Furnished,2,16000000,Resale,Apartment,160000
900,3,2,Furnished,2,10400000,Resale,Builder_Floor,11556
270,1,1,Unfurnished,2,1700000,Resale,Builder_Floor,11556
950,2,2,Semi-Furnished,2,8000000,Resale,Builder_Floor,8421
1800,3,3,Semi-Furnished,2,27000000,Resale,Builder_Floor,8421
1500,3,3,Semi-Furnished,2,19500000,Resale,Builder_Floor,8421
1800,3,3,Furnished,3,50000000,Resale,Apartment,27778
1800,3,3,Unfurnished,3,21100000,Resale,Builder_Floor,11722
2306,3,3,Unfurnished,1,57000000,New_Property,Apartment,24718
850,2,3,Semi-Furnished,1,5900000,Resale,Builder_Floor,24718
140,3,2,Unfurnished,1,12000000,New_Property,Builder_Floor,85714
900,3,2,Unfurnished,1,12000000,Resale,Builder_Floor,13333
1800,3,3,Unfurnished,1,24000000,Resale,Apartment,13333
200,1,1,Semi-Furnished,1,7000000,Resale,Apartment,13333
1782,3,3,Semi-Furnished,1,15000000,Resale,Apartment,8418
900,2,2,Furnished,1,1500000,Resale,Builder_Floor,1667
405,2,1,Semi-Furnished,1,3950000,Resale,Apartment,1667
1500,3,3,Unfurnished,1,12500000,Resale,Builder_Floor,8333
66,3,1,Unfurnished,1,1600000,New_Property,Apartment,24242
2000,4,4,Unfurnished,2,36500000,Resale,Apartment,
1200,3,2,Semi-Furnished,1,20000000,Resale,Apartment,
1100,2,2,Semi-Furnished,1,15000000,Resale,Apartment,
1400,3,2,Semi-Furnished,2,25000000,New_Property,Apartment,
1600,3,2,Semi-Furnished,2,18500000,Resale,Apartment,
1600,4,3,Unfurnished,2,23500000,Resale,Apartment,
600,1,1,Semi-Furnished,1,8000000,New_Property,Apartment,
1600,3,2,Unfurnished,1,23000000,Resale,Apartment,
2000,3,3,Unfurnished,1,31000000,Resale,Apartment,15500
650,1,2,Semi-Furnished,1,7400000,Resale,Apartment,15500
1100,2,2,Unfurnished,1,15500000,Resale,Apartment,15500
1075,2,2,Semi-Furnished,2,12000000,New_Property,Apartment,15500
1450,3,2,Semi-Furnished,2,23500000,Resale,Apartment,15500
1200,3,2,Semi-Furnished,2,25000000,Resale,Apartment,20833
600,1,2,Unfurnished,2,7000000,New_Property,Apartment,20833
1000,2,2,Unfurnished,1,17500000,Resale,Apartment,20833
1600,3,2,Semi-Furnished,1,25000000,Resale,Apartment,20833
1750,4,4,Unfurnished,1,29000000,New_Property,Apartment,20833
1300,3,3,Semi-Furnished,1,21900000,Resale,Apartment,20833
550,1,2,Furnished,1,7500000,Resale,Apartment,20833
2200,4,3,Semi-Furnished,2,23500000,Resale,Apartment,10681
1100,2,2,Semi-Furnished,2,24000000,Resale,Apartment,21818
1700,3,2,Semi-Furnished,2,31000000,Resale,Builder_Floor,21818
1100,2,2,Semi-Furnished,3,16500000,Resale,Apartment,21818
1000,2,2,Furnished,1,5000000,Resale,Builder_Floor,21818
1350,3,2,Furnished,1,24000000,New_Property,Apartment,21818
1184,2,2,Semi-Furnished,1,17000000,Resale,Apartment,14358
2000,4,2,Furnished,1,40000000,New_Property,Apartment,14358
3500,4,4,Semi-Furnished,5,22500000,New_Property,Builder_Floor,14358
900,3,3,Furnished,2,20000000,Resale,Builder_Floor,14358
4688,5,4,Unfurnished,1,135000000,New_Property,Apartment,28797
750,2,2,Semi-Furnished,1,5000000,New_Property,Apartment,6667
3901,4,4,Unfurnished,1,93000000,New_Property,Apartment,23840
950,3,2,Furnished,1,4370000,New_Property,Apartment,4600
1000,3,2,Unfurnished,1,4620000,New_Property,Apartment,4620
850,2,1,Semi-Furnished,1,1900000,New_Property,Apartment,2235
2400,4,4,Semi-Furnished,1,70000000,New_Property,Apartment,2235
1350,3,2,Unfurnished,1,5130000,New_Property,Apartment,3800
540,2,2,Semi-Furnished,1,3000000,New_Property,Apartment,5000
1387,4,4,Unfurnished,1,5890000,New_Property,Apartment,4247
540,2,2,Semi-Furnished,1,3300000,New_Property,Apartment,6111
976,2,2,Furnished,1,24900000,New_Property,Apartment,25512
1050,3,2,Unfurnished,1,3700000,New_Property,Apartment,3524
2700,4,3,Semi-Furnished,1,60000000,New_Property,Builder_Floor,22222
1500,3,2,Unfurnished,1,17400000,Resale,Apartment,22222
2900,5,5,Furnished,1,51000000,New_Property,Builder_Floor,22222
5025,5,6,Unfurnished,4,170000000,New_Property,Builder_Floor,22222
1000,3,2,Semi-Furnished,1,5510000,New_Property,Builder_Floor,22222
1135,3,3,Furnished,2,25000000,Resale,Apartment,22222
2306,3,3,Unfurnished,1,57000000,New_Property,Apartment,24718
850,2,2,Semi-Furnished,1,2940000,New_Property,Apartment,24718
1200,3,3,Semi-Furnished,1,15500000,Resale,Apartment,24718
1700,3,2,Semi-Furnished,1,17200000,Resale,Apartment,24718
1800,4,3,Semi-Furnished,2,55000000,Resale,Builder_Floor,30556
1100,2,2,Semi-Furnished,1,15000000,Resale,Apartment,30556
22050,4,4,Semi-Furnished,2,51000000,New_Property,Builder_Floor,30556
1550,4,3,Semi-Furnished,1,13000000,New_Property,Builder_Floor,30556
1600,3,3,Semi-Furnished,1,30000000,New_Property,Builder_Floor,18750
700,2,2,Semi-Furnished,1,2400000,New_Property,Builder_Floor,18750
45,4,3,Unfurnished,1,5500000,New_Property,Builder_Floor,18750
450,2,2,,,2900000,Resale,,58000
540,5,2,,,17000000,Resale,,58000
1350,3,3,,,25000000,Resale,,18519
2250,3,2,,,10000000,Resale,,4444
1250,2,1,Semi-Furnished,,7500000,Resale,Apartment,4444
504,3,1,Semi-Furnished,,3600000,Resale,Apartment,7143
65,3,2,Semi-Furnished,,35000000,New_Property,Apartment,7143
450,2,1,Unfurnished,,6000000,Resale,Apartment,13333
1800,4,2,Furnished,,17500000,Resale,Builder_Floor,9722
1800,4,3,Furnished,,35000000,Resale,Builder_Floor,19444
1530,5,2,Furnished,,10200000,Resale,Builder_Floor,6667
1750,4,4,Unfurnished,1,29000000,New_Property,Apartment,6667
2210,4,3,Semi-Furnished,1,41000000,Resale,Builder_Floor,6667
760,3,2,Furnished,1,6000000,Resale,Builder_Floor,6667
400,2,1,Furnished,1,2500000,New_Property,Apartment,6667
380,1,1,Unfurnished,1,2200000,Resale,Builder_Floor,6667
904.1676,2,2,Furnished,1,21500000,New_Property,Apartment,6667
900,4,1,Furnished,1,15000000,Resale,Apartment,6667
810,5,6,Furnished,1,28900000,Resale,Apartment,6667
100,3,2,Unfurnished,1,5500000,Resale,Builder_Floor,6667
50,2,1,Semi-Furnished,1,1950000,New_Property,Apartment,6667
58,2,1,Unfurnished,1,3800000,Resale,Apartment,6667
900,2,1,Semi-Furnished,1,6200000,New_Property,Builder_Floor,6667
1650,4,3,Furnished,1,14000000,New_Property,Apartment,6667
1000,2,2,Unfurnished,1,7500000,Resale,Apartment,6667
852,2,2,Unfurnished,1,2670000,Resale,Apartment,6667
700,2,2,Semi-Furnished,1,2500000,Resale,Apartment,6667
990,3,2,Unfurnished,1,4000000,Resale,Apartment,4040
450,2,1,Semi-Furnished,1,3500000,Resale,Builder_Floor,7778
1000,2,2,Unfurnished,1,5000000,New_Property,Apartment,5000
1700,4,3,Semi-Furnished,2,29500000,Resale,Builder_Floor,21071
1350,3,2,Unfurnished,1,19000000,Resale,Builder_Floor,14074
2100,4,3,Furnished,1,25500000,Resale,Apartment,14074
2600,4,4,Semi-Furnished,3,75000000,New_Property,Builder_Floor,28846
3000,4,5,Semi-Furnished,4,75000000,New_Property,Builder_Floor,28846
1450,3,3,Semi-Furnished,1,34000000,New_Property,Builder_Floor,28846
2050,4,4,Semi-Furnished,1,47500000,New_Property,Builder_Floor,28846
3000,4,5,Semi-Furnished,3,75000000,New_Property,Builder_Floor,28846
1800,3,3,Semi-Furnished,2,23000000,Resale,Apartment,28846
900,3,2,Semi-Furnished,1,24000000,Resale,Apartment,28846
1500,3,2,Semi-Furnished,2,21500000,Resale,Apartment,28846
1500,3,2,Semi-Furnished,1,28500000,New_Property,Builder_Floor,28846
1800,4,4,Semi-Furnished,1,12500000,Resale,Builder_Floor,6944
1674,3,3,Unfurnished,1,45000000,Resale,Builder_Floor,6944
2025,4,3,Furnished,2,30500000,Resale,Builder_Floor,6944
1300,3,3,Semi-Furnished,3,22500000,Resale,Builder_Floor,6944
990,3,3,Furnished,1,28000000,Resale,Apartment,6944
2100,3,4,Semi-Furnished,2,25000000,Resale,Builder_Floor,14705
2250,4,4,Semi-Furnished,2,33700000,Resale,Builder_Floor,14705
1500,3,3,Semi-Furnished,1,27000000,Resale,Builder_Floor,18000
2700,4,4,Semi-Furnished,2,43500000,New_Property,Builder_Floor,18000
1700,3,3,Semi-Furnished,2,29000000,New_Property,Builder_Floor,18000
1700,3,3,Semi-Furnished,2,30000000,Resale,Builder_Floor,17647
2050,4,4,Semi-Furnished,2,52100000,New_Property,Apartment,17647
1800,3,3,Unfurnished,1,32500000,New_Property,Builder_Floor,18055
1500,3,2,Semi-Furnished,1,20500000,Resale,Apartment,18055
2000,4,3,Semi-Furnished,1,25000000,Resale,Apartment,12500
1500,3,3,Semi-Furnished,2,30000000,Resale,Builder_Floor,12500
24300,4,5,Semi-Furnished,2,51000000,Resale,Builder_Floor,12500
2475,4,4,Semi-Furnished,1,31000000,Resale,Builder_Floor,12500
1800,3,3,Semi-Furnished,,37500000,New_Property,Builder_Floor,
1300,3,3,Semi-Furnished,1,32500000,New_Property,Builder_Floor,
1500,3,3,Semi-Furnished,4,37500000,New_Property,Builder_Floor,25000
2100,4,4,Semi-Furnished,3,55000000,New_Property,Builder_Floor,25000
1800,4,4,Semi-Furnished,2,87500000,New_Property,Builder_Floor,25000
1100,2,2,Unfurnished,1,16300000,Resale,Apartment,14818
2035,4,4,Unfurnished,2,65000000,New_Property,Builder_Floor,14818
1100,3,3,Unfurnished,1,25000000,Resale,Builder_Floor,14818
1550,3,3,Semi-Furnished,1,38000000,New_Property,Builder_Floor,14818
700,2,2,Unfurnished,1,15000000,Resale,Builder_Floor,14818
150,2,1,Semi-Furnished,1,2000000,Resale,Apartment,14818
540,1,1,Unfurnished,1,3000000,Resale,Builder_Floor,14818
810,2,2,Semi-Furnished,1,8500000,Resale,Builder_Floor,14818
3250,4,4,Semi-Furnished,1,55000000,Resale,Builder_Floor,14818
1600,3,3,Semi-Furnished,2,22500000,Resale,Builder_Floor,14818
4000,4,4,Semi-Furnished,1,72500000,Resale,Builder_Floor,14818
5500,6,7,Furnished,1,160000000,Resale,Apartment,14818
900,3,3,Semi-Furnished,1,12500000,New_Property,Builder_Floor,14818
972,2,2,Semi-Furnished,1,17000000,Resale,Apartment,14818
4150,4,4,Unfurnished,3,82500000,New_Property,Builder_Floor,14818
2250,4,5,Semi-Furnished,2,55000000,New_Property,Builder_Floor,14818
1650,3,3,Semi-Furnished,1,35000000,New_Property,Builder_Floor,14818
2610,4,4,Semi-Furnished,2,42500000,Resale,Builder_Floor,14818
600,2,2,Semi-Furnished,1,4700000,Resale,Builder_Floor,14818
1700,4,5,Unfurnished,2,52500000,Resale,Builder_Floor,14818
2250,4,4,Semi-Furnished,3,80000000,New_Property,Builder_Floor,14818
880,3,2,Unfurnished,1,11000000,Resale,Builder_Floor,14818
4200,4,5,Semi-Furnished,3,74000000,New_Property,Builder_Floor,14818
1450,3,3,Semi-Furnished,1,37500000,Resale,Builder_Floor,14818
2200,4,4,Semi-Furnished,3,52500000,New_Property,Builder_Floor,23863
1620,3,3,Semi-Furnished,,26000000,New_Property,Builder_Floor,
1078,3,2,Unfurnished,1,15500000,New_Property,Builder_Floor,
1710,3,3,Unfurnished,1,22000000,Resale,Builder_Floor,
1150,3,3,Semi-Furnished,1,21000000,Resale,Builder_Floor,
450,2,2,Semi-Furnished,1,5000000,Resale,Builder_Floor,
1818,3,3,Unfurnished,1,22000000,Resale,Builder_Floor,
1800,3,2,Unfurnished,1,26500000,Resale,Builder_Floor,14722
780,2,2,Unfurnished,1,8770000,Resale,Builder_Floor,14722
405,1,1,Semi-Furnished,1,4500000,Resale,Apartment,14722
900,2,3,Semi-Furnished,1,8500000,Resale,Apartment,14722
807.2925,2,2,Unfurnished,1,8600000,Resale,Apartment,14722
2700,4,3,Semi-Furnished,1,42500000,Resale,Builder_Floor,14722
1100,3,2,Semi-Furnished,2,13100000,Resale,Apartment,14722
585,2,2,Unfurnished,2,7000000,Resale,Apartment,14722
2152.78,3,3,Furnished,2,30000000,New_Property,Builder_Floor,14722
960,2,2,Semi-Furnished,2,13000000,Resale,Apartment,14722
1800,4,3,Unfurnished,2,23100000,Resale,Builder_Floor,14722
1100,3,2,Semi-Furnished,1,16000000,Resale,Apartment,14722
900,2,2,Unfurnished,1,12500000,Resale,Builder_Floor,13889
1620,3,3,Furnished,1,24500000,New_Property,Builder_Floor,13889
378,1,1,Unfurnished,1,3200000,Resale,Apartment,13889
800,3,2,Unfurnished,1,6300000,Resale,Apartment,7875
1350,3,3,Semi-Furnished,1,15000000,Resale,Builder_Floor,11111
850,3,3,Unfurnished,1,5700000,Resale,Apartment,11111
1580,3,2,Furnished,1,21000000,Resale,Apartment,11111
820,2,3,Unfurnished,1,7500000,Resale,Apartment,11111
594,2,1,Semi-Furnished,1,6500000,Resale,Apartment,10943
14220,3,3,Semi-Furnished,1,27500000,New_Property,Builder_Floor,10943
800,3,2,Unfurnished,1,12000000,Resale,Builder_Floor,10943
1500,3,2,Semi-Furnished,2,18000000,Resale,Apartment,10943
1600,3,3,Semi-Furnished,1,15600000,Resale,Apartment,
1650,3,3,Semi-Furnished,1,15500000,Resale,Apartment,
1600,3,3,Semi-Furnished,1,15200000,Resale,Apartment,
1900,3,3,Furnished,1,25000000,Resale,Apartment,
1400,3,2,Furnished,1,15000000,Resale,Apartment,
1550,3,2,Semi-Furnished,1,15800000,Resale,Apartment,
2000,4,3,Furnished,1,31500000,Resale,Apartment,
1500,3,3,Semi-Furnished,1,14000000,Resale,Apartment,
1550,3,2,Semi-Furnished,1,13200000,Resale,Apartment,
1600,3,2,Semi-Furnished,1,15800000,Resale,Apartment,
1600,3,3,Unfurnished,1,16200000,Resale,Apartment,
1800,3,2,Semi-Furnished,1,15500000,Resale,Apartment,
1470,3,2,Semi-Furnished,1,14500000,Resale,Apartment,
1500,3,2,Semi-Furnished,1,14900000,Resale,Apartment,
1750,3,3,Furnished,1,17200000,Resale,Apartment,
1650,3,3,Furnished,1,18000000,Resale,Apartment,
1850,3,2,Semi-Furnished,1,15500000,Resale,Apartment,
1480,3,2,Furnished,1,15800000,Resale,Apartment,
1214,2,2,Furnished,1,12600000,Resale,Apartment,
1380,3,2,Semi-Furnished,1,15000000,Resale,Apartment,
1600,4,2,Furnished,1,19500000,Resale,Apartment,
1585,3,3,Semi-Furnished,1,16600000,Resale,Apartment,
1700,3,3,Semi-Furnished,1,17200000,Resale,Apartment,
1200,2,2,Semi-Furnished,1,13000000,Resale,Apartment,
1800,4,3,Semi-Furnished,1,16500000,Resale,Apartment,
1000,2,2,Semi-Furnished,1,10700000,Resale,Apartment,10700
1500,3,2,Furnished,1,16200000,Resale,Apartment,10700
1700,3,2,Furnished,1,16500000,Resale,Apartment,10700
1750,3,2,Furnished,1,14900000,Resale,Apartment,10700
2700,4,3,Furnished,1,27500000,Resale,Apartment,10700
3050,5,6,Semi-Furnished,,62500000,Resale,Apartment,20492
3405,5,5,Semi-Furnished,3,70000000,Resale,Apartment,20558
1500,3,3,Semi-Furnished,3,35500000,Resale,Apartment,20558
2105,3,3,Unfurnished,3,42100000,Resale,Apartment,20558
2500,4,5,Semi-Furnished,3,42500000,Resale,Apartment,17000
2090,3,4,Semi-Furnished,2,44000000,Resale,Apartment,21052
2525,4,5,Semi-Furnished,3,43200000,Resale,Apartment,21052
2500,4,4,Semi-Furnished,2,52500000,Resale,Apartment,21000
2100,3,4,Furnished,2,34300000,Resale,Apartment,16333
2022,3,3,Semi-Furnished,2,38000000,Resale,Apartment,18793
2650,4,5,Furnished,2,52500000,Resale,Apartment,19811
1850,3,3,Unfurnished,2,37500000,Resale,Apartment,20270
2100,3,3,Semi-Furnished,2,37000000,Resale,Apartment,17619
1700,3,4,Semi-Furnished,2,40000000,Resale,Apartment,17619
2105,3,3,Semi-Furnished,2,36200000,Resale,Apartment,17197
1250,2,3,Semi-Furnished,1,29000000,Resale,Apartment,17197
2552,4,5,Furnished,3,42500000,New_Property,Apartment,16654
3112,5,6,Semi-Furnished,3,60000000,Resale,Apartment,19280
2125,3,3,Semi-Furnished,2,36500000,Resale,Apartment,17176
2065,3,4,Semi-Furnished,2,42500000,Resale,Apartment,20581
3405,5,4,Semi-Furnished,3,71500000,Resale,Apartment,20999
3050,5,5,Semi-Furnished,3,65000000,New_Property,Apartment,21311
2300,5,6,Semi-Furnished,3,58000000,Resale,Apartment,21311
1455,2,2,Semi-Furnished,2,27500000,Resale,Apartment,18900
3400,5,5,Semi-Furnished,3,70000000,New_Property,Apartment,20588
3100,5,5,Semi-Furnished,3,65000000,Resale,Apartment,20967
1400,2,3,Unfurnished,3,28600000,Resale,Apartment,20967
2126,3,3,Semi-Furnished,2,39000000,Resale,Apartment,18344
1815,3,3,Semi-Furnished,2,32500000,Resale,Apartment,17906
1700,3,3,Unfurnished,2,34000000,Resale,Apartment,17906
700,2,2,Unfurnished,,16500000,Resale,Apartment,
980,2,2,Semi-Furnished,2,13800000,Resale,Apartment,
1350,3,3,Semi-Furnished,2,21000000,Resale,Apartment,
1800,3,3,Semi-Furnished,2,22500000,Resale,Apartment,
968.751,2,2,Semi-Furnished,2,15000000,Resale,Apartment,
1250,3,3,Semi-Furnished,2,20000000,New_Property,Apartment,
1800,3,3,Furnished,2,20000000,New_Property,Apartment,
1400,3,2,Semi-Furnished,2,26000000,Resale,Builder_Floor,
1000,3,3,Semi-Furnished,2,19500000,Resale,Apartment,
1800,4,2,Semi-Furnished,1,21500000,Resale,Apartment,
1500,3,3,Unfurnished,1,26500000,New_Property,Apartment,
1600,3,3,Semi-Furnished,2,20000000,Resale,Apartment,12500
1400,3,3,Furnished,1,18000000,Resale,Apartment,12500
1400,3,2,Unfurnished,1,19000000,Resale,Apartment,12500
2700,4,4,Unfurnished,2,36500000,Resale,Builder_Floor,12500
1100,2,2,Unfurnished,2,15000000,Resale,Apartment,12500
1200,2,2,Semi-Furnished,2,17500000,Resale,Apartment,12500
1400,2,2,Semi-Furnished,2,14000000,Resale,Apartment,12500
1500,3,3,Semi-Furnished,2,21000000,Resale,Apartment,12500
1320,3,2,Unfurnished,2,15600000,Resale,Apartment,12500
1300,3,3,Unfurnished,2,19000000,Resale,Apartment,12500
1150,2,2,Unfurnished,1,16500000,Resale,Apartment,12500
1440,3,3,Unfurnished,1,19000000,Resale,Apartment,12500
1400,2,2,Unfurnished,1,16500000,Resale,Apartment,12500
450,1,1,Semi-Furnished,1,3000000,Resale,Builder_Floor,12500
1300,2,2,Semi-Furnished,1,15000000,Resale,Apartment,11538
1200,2,2,Unfurnished,1,14300000,Resale,Apartment,11538
1300,3,2,Unfurnished,1,18500000,Resale,Apartment,11538
1400,3,3,Furnished,1,19000000,Resale,Apartment,11538
1400,3,3,Semi-Furnished,1,19000000,Resale,Apartment,11538
1500,3,2,,1,13500000,Resale,,
1600,4,2,Semi-Furnished,2,15800000,Resale,Apartment,
1200,10,4,Semi-Furnished,2,17000000,Resale,Apartment,
1600,4,2,Semi-Furnished,1,15500000,Resale,Apartment,
1250,3,2,Semi-Furnished,2,16000000,Resale,Apartment,
950,2,2,Furnished,2,12900000,Resale,Apartment,
1200,3,3,Furnished,2,13500000,Resale,Apartment,
1400,4,2,Furnished,2,17800000,Resale,Apartment,
950,2,2,Furnished,2,13200000,Resale,Apartment,
1350,3,3,Semi-Furnished,2,14000000,Resale,Apartment,
1550,4,2,Furnished,2,17500000,Resale,Apartment,
1300,3,2,Semi-Furnished,2,17000000,Resale,Apartment,
1000,2,2,Furnished,2,13000000,Resale,Apartment,
1500,3,3,Furnished,2,17000000,Resale,Apartment,
950,2,2,Furnished,2,12700000,Resale,Apartment,
1200,3,2,Furnished,2,13500000,Resale,Apartment,
1400,4,2,Furnished,2,17400000,Resale,Apartment,
1500,4,2,Furnished,2,17800000,Resale,Apartment,
1050,2,2,Furnished,2,12700000,Resale,Apartment,
1550,4,2,Furnished,2,16200000,Resale,Apartment,
950,2,2,Furnished,2,11100000,Resale,Apartment,
1150,2,2,Furnished,2,13600000,Resale,Apartment,
1150,2,2,Furnished,2,13100000,Resale,Apartment,
1150,2,2,Furnished,2,12500000,Resale,Apartment,
1500,3,2,Furnished,2,13600000,Resale,Apartment,
1800,4,4,Furnished,2,12000000,New_Property,Apartment,6667
1300,3,3,Furnished,1,20000000,New_Property,Apartment,15384
1150,2,2,Unfurnished,1,13500000,Resale,Apartment,15384
1500,3,2,Unfurnished,1,14000000,Resale,Apartment,15384
1150,2,2,Semi-Furnished,2,10800000,Resale,Apartment,15384
900,3,2,Semi-Furnished,1,9000000,New_Property,Builder_Floor,
1150,3,2,Semi-Furnished,1,6300000,Resale,Builder_Floor,
1000,3,3,Semi-Furnished,1,5500000,New_Property,Apartment,
450,1,1,Semi-Furnished,1,2350000,Resale,Apartment,5222
1350,3,3,Semi-Furnished,1,8500000,Resale,Apartment,5222
445,1,2,Semi-Furnished,1,1650000,Resale,Apartment,5222
1200,2,2,Semi-Furnished,1,10000000,Resale,Apartment,8333
50,1,1,Unfurnished,1,1500000,Resale,Builder_Floor,8333
1100,2,2,Semi-Furnished,1,2800000,Resale,Builder_Floor,8333
700,2,2,Semi-Furnished,1,2600000,Resale,Builder_Floor,3714
500,1,1,Furnished,1,2350000,Resale,Builder_Floor,3714
540,1,1,Unfurnished,1,2350000,Resale,Apartment,3714
450,1,1,Unfurnished,1,2000000,New_Property,Builder_Floor,3714
800,2,2,Semi-Furnished,1,5000000,Resale,Builder_Floor,3714
700,2,2,Semi-Furnished,1,3500000,Resale,Builder_Floor,3714
750,2,2,Semi-Furnished,1,4500000,Resale,Builder_Floor,3714
750,2,2,Unfurnished,1,4000000,Resale,Builder_Floor,3714
1600,3,3,Unfurnished,1,10800000,Resale,Builder_Floor,3714
1000,3,2,Unfurnished,1,10000000,New_Property,Builder_Floor,3714
1600,3,3,Unfurnished,1,10800000,Resale,Builder_Floor,3714
900,3,2,Semi-Furnished,1,9000000,Resale,Builder_Floor,3714
1700,3,3,Semi-Furnished,1,8500000,New_Property,Apartment,3714
1100,3,2,Semi-Furnished,1,6000000,Resale,Builder_Floor,3714
1000,3,3,Semi-Furnished,1,5500000,New_Property,Apartment,3714
1000,3,2,Semi-Furnished,1,7000000,New_Property,Builder_Floor,7000
1100,3,2,Furnished,1,6000000,Resale,Apartment,5455
765,3,2,Unfurnished,1,3700000,Resale,Builder_Floor,4837
900,2,2,Semi-Furnished,1,3100000,Resale,Builder_Floor,3444
600,2,2,Unfurnished,1,4500000,Resale,Apartment,3444
360,1,1,Semi-Furnished,1,1500000,Resale,Builder_Floor,4167
950,3,2,Semi-Furnished,,7090000,New_Property,Builder_Floor,
3600,2,2,Semi-Furnished,1,4500000,New_Property,Builder_Floor,
1305,4,3,Unfurnished,1,5500000,New_Property,Builder_Floor,
1800,3,4,Semi-Furnished,2,63000000,New_Property,Apartment,
950,3,2,Semi-Furnished,2,6990000,New_Property,Builder_Floor,
800,2,2,Semi-Furnished,1,4400000,New_Property,Apartment,
1800,4,4,Semi-Furnished,1,12500000,Resale,Builder_Floor,
800,2,2,Semi-Furnished,1,3000000,New_Property,Builder_Floor,
675,2,2,Semi-Furnished,1,2800000,New_Property,Builder_Floor,
1175,3,3,Unfurnished,4,5000000,New_Property,Builder_Floor,
1500,3,3,Unfurnished,4,6000000,Resale,Builder_Floor,
810,2,2,Unfurnished,4,4500000,Resale,Apartment,
630,2,2,Unfurnished,1,2800000,Resale,Apartment,
650,2,2,Semi-Furnished,1,2500000,Resale,Builder_Floor,
1800,4,4,Semi-Furnished,1,8500000,New_Property,Builder_Floor,
725,2,2,Furnished,1,3000000,Resale,Apartment,4138
900,3,2,Semi-Furnished,1,4900000,New_Property,Builder_Floor,4138
750,2,2,Unfurnished,1,3500000,New_Property,Builder_Floor,4138
700,2,2,Semi-Furnished,1,3000000,New_Property,Builder_Floor,4138
950,3,2,Semi-Furnished,1,7020000,New_Property,Builder_Floor,4138
1600,3,4,Unfurnished,1,60000000,New_Property,Apartment,4138
900,2,2,Semi-Furnished,1,3500000,New_Property,Builder_Floor,4138
1500,3,3,Semi-Furnished,1,7000000,New_Property,Builder_Floor,4138
500,2,1,Semi-Furnished,2,7000000,Resale,Apartment,4138
1035,3,3,Semi-Furnished,1,4500000,New_Property,Builder_Floor,4138
825,3,2,Semi-Furnished,1,5990000,New_Property,Builder_Floor,4138
1300,3,3,Semi-Furnished,1,4400000,New_Property,Builder_Floor,4138
765,2,2,Unfurnished,4,2500000,New_Property,Builder_Floor,4138
580,1,1,Semi-Furnished,1,1600000,New_Property,Builder_Floor,4138
1750,3,3,Semi-Furnished,1,6500000,New_Property,Builder_Floor,4138
650,2,2,Semi-Furnished,,2750000,Resale,Apartment,
405,1,1,Semi-Furnished,,1500000,New_Property,Apartment,
675,2,1,Unfurnished,,2200000,Resale,Builder_Floor,3259
850,2,2,Semi-Furnished,1,2800000,Resale,Apartment,3294
800,3,3,Semi-Furnished,1,4500000,Resale,Apartment,3294
405,1,1,Furnished,1,1800000,Resale,Apartment,3294
1350,3,3,Unfurnished,1,8500000,New_Property,Builder_Floor,3294
1350,3,3,Unfurnished,1,8500000,New_Property,Apartment,3294
450,1,1,Unfurnished,1,1700000,New_Property,Builder_Floor,3294
1300,3,3,Semi-Furnished,2,7000000,New_Property,Builder_Floor,3294
1050,3,2,Unfurnished,2,5600000,New_Property,Builder_Floor,3294
1675,4,3,Furnished,2,13500000,Resale,Builder_Floor,8060
1250,3,3,Unfurnished,2,8500000,New_Property,Builder_Floor,8060
1080,3,3,Unfurnished,5,6000000,New_Property,Apartment,8060
1170,3,3,Unfurnished,5,7200000,New_Property,Builder_Floor,8060
1250,3,2,Semi-Furnished,1,6500000,Resale,Apartment,8060
1500,3,3,Semi-Furnished,1,8400000,New_Property,Apartment,8060
1350,3,3,Unfurnished,1,8500000,New_Property,Apartment,8060
855,2,2,Semi-Furnished,1,4000000,Resale,Builder_Floor,4678
540,1,1,Unfurnished,1,1700000,Resale,Builder_Floor,3148
1044.0983,3,2,Unfurnished,1,6000000,Resale,Builder_Floor,3148
405,1,1,Semi-Furnished,1,1600000,Resale,Apartment,3148
500,1,2,Semi-Furnished,1,2100000,Resale,Apartment,4200
450,1,1,Furnished,1,1700000,Resale,Apartment,3778
405,1,1,Unfurnished,1,1500000,Resale,Apartment,3778
405,1,1,Unfurnished,1,1200000,Resale,Builder_Floor,2963
450,1,1,Unfurnished,1,1650000,Resale,Apartment,3667
173,2,2,Unfurnished,1,3500000,Resale,Builder_Floor,3667
1100,3,2,Unfurnished,1,8500000,Resale,Builder_Floor,7727
600,2,2,Unfurnished,1,3200000,Resale,Builder_Floor,5333
800,3,2,Semi-Furnished,1,4400000,New_Property,Builder_Floor,
990,4,3,Unfurnished,1,7200000,New_Property,Builder_Floor,
1100,3,2,Semi-Furnished,1,7500000,New_Property,Builder_Floor,
1100,3,2,Unfurnished,1,6500000,New_Property,Apartment,
527,2,2,Semi-Furnished,1,3500000,Resale,Builder_Floor,
1000,2,2,Semi-Furnished,1,6500000,Resale,Builder_Floor,
1000,3,2,Semi-Furnished,1,6200000,Resale,Builder_Floor,
450,1,1,Semi-Furnished,1,2500000,New_Property,Builder_Floor,
600,2,2,Semi-Furnished,1,3000000,New_Property,Apartment,
950,3,2,Furnished,1,6000000,New_Property,Builder_Floor,
855,3,2,Unfurnished,1,4800000,Resale,Apartment,
770,2,2,Semi-Furnished,1,3790000,New_Property,Builder_Floor,4922
810,3,2,Semi-Furnished,1,4200000,New_Property,Apartment,4922
710,2,2,Unfurnished,1,2900000,Resale,Apartment,4922
950,3,2,Unfurnished,1,5000000,Resale,Builder_Floor,4922
450,1,1,Semi-Furnished,1,2100000,New_Property,Builder_Floor,4922
500,2,2,Semi-Furnished,1,3200000,Resale,Apartment,4922
600,2,1,Semi-Furnished,1,3000000,Resale,Apartment,4922
420,1,1,Unfurnished,1,2300000,Resale,Builder_Floor,4922
900,3,2,Semi-Furnished,1,5900000,New_Property,Builder_Floor,6556
945,3,2,Semi-Furnished,1,5500000,Resale,Apartment,5820
565,2,2,Unfurnished,1,3500000,Resale,Builder_Floor,5820
450,2,1,Semi-Furnished,1,1700000,Resale,Apartment,3778
430,1,1,Unfurnished,1,1850000,New_Property,Builder_Floor,3778
550,2,2,Unfurnished,1,2300000,Resale,Builder_Floor,3778
810,3,2,Furnished,1,3800000,Resale,Builder_Floor,42222
720,3,2,Semi-Furnished,1,4500000,Resale,Builder_Floor,42222
360,2,1,Semi-Furnished,1,2200000,New_Property,Apartment,42222
820,3,2,Semi-Furnished,1,5200000,Resale,Builder_Floor,42222
459,2,2,Semi-Furnished,1,2200000,Resale,Builder_Floor,43137
378,1,2,Unfurnished,2,1500000,Resale,Apartment,
450,1,1,Furnished,2,2200000,Resale,Apartment,4889
900,2,2,Semi-Furnished,2,3800000,Resale,Apartment,4222
360,1,1,Unfurnished,1,1800000,Resale,Apartment,5000
559.7228,2,2,Furnished,3,2850000,Resale,Apartment,5092
350,1,1,Unfurnished,3,2500000,Resale,Apartment,7143
365,1,1,Unfurnished,39,3500000,Resale,Apartment,7143
390,1,1,Unfurnished,39,2000000,Resale,Apartment,5128
350,1,1,Unfurnished,39,3000000,Resale,Apartment,5128
210,1,1,Semi-Furnished,39,2000000,New_Property,Apartment,5128
50,1,1,Unfurnished,39,3500000,New_Property,Apartment,5128
500,1,1,Unfurnished,39,1800000,Resale,Apartment,3600
350,1,1,Unfurnished,39,1600000,Resale,Apartment,4571
379,1,1,Unfurnished,1,1600000,Resale,Builder_Floor,4221
236.8058,1,1,Unfurnished,1,2000000,Resale,Apartment,4221
445,1,1,Unfurnished,1,1500000,Resale,Apartment,4221
452.0838,2,1,Furnished,1,3000000,Resale,Apartment,6636
350,1,1,Unfurnished,1,1490000,New_Property,Apartment,4270
437,1,1,Furnished,1,3500000,New_Property,Apartment,4270
61,3,3,Unfurnished,1,4000000,Resale,Apartment,4270
495,2,2,Unfurnished,1,1750000,Resale,Builder_Floor,4270
900,2,2,Unfurnished,1,4600000,Resale,Apartment,4270
350,1,1,Semi-Furnished,1,1800000,Resale,Builder_Floor,5143
585,2,2,Unfurnished,1,1900000,Resale,Builder_Floor,3248
198,1,1,Furnished,1,1000000,Resale,Apartment,5051
4900,1,1,Unfurnished,1,1000000,New_Property,Apartment,5051
2077.4327,1,1,Unfurnished,1,1000000,Resale,Builder_Floor,5051
50,1,1,Semi-Furnished,1,3500000,New_Property,Apartment,5051
990,3,2,Furnished,1,5000000,Resale,Builder_Floor,5051
425,1,1,Unfurnished,1,2200000,Resale,Apartment,5176
750,2,2,Unfurnished,,13000000,New_Property,Builder_Floor,
1400,3,3,Semi-Furnished,2,34000000,New_Property,Builder_Floor,
3600,4,4,Semi-Furnished,3,60000000,New_Property,Builder_Floor,
3000,4,5,Semi-Furnished,4,74500000,New_Property,Builder_Floor,
2750,4,5,Unfurnished,2,75000000,New_Property,Builder_Floor,
2050,4,4,Semi-Furnished,2,62500000,New_Property,Builder_Floor,
3000,4,4,Unfurnished,2,67000000,New_Property,Builder_Floor,14888
850,2,2,Unfurnished,2,8500000,Resale,Builder_Floor,14888
750,2,2,Unfurnished,2,11500000,New_Property,Builder_Floor,14888
2600,4,5,Semi-Furnished,3,52500000,New_Property,Builder_Floor,14888
800,2,2,Semi-Furnished,1,12000000,New_Property,Builder_Floor,14888
550,2,2,Semi-Furnished,2,10700000,Resale,Builder_Floor,14888
700,2,2,Semi-Furnished,1,9000000,Resale,Apartment,14888
2316,3,4,Furnished,1,100000000,Resale,Builder_Floor,14888
900,3,2,Semi-Furnished,1,6200000,Resale,Apartment,14888
100,3,2,Semi-Furnished,1,17000000,Resale,Builder_Floor,14888
900,2,3,Semi-Furnished,2,12500000,Resale,Builder_Floor,14888
1500,2,2,Semi-Furnished,3,13000000,New_Property,Builder_Floor,14888
650,3,2,Unfurnished,3,4200000,Resale,Builder_Floor,14888
2000,4,4,Semi-Furnished,2,36000000,New_Property,Builder_Floor,14888
500,1,1,Unfurnished,2,2300000,Resale,Apartment,14888
1125,2,2,Unfurnished,2,8100000,Resale,Builder_Floor,7200
1300,3,3,Semi-Furnished,1,10000000,Resale,Builder_Floor,7200
2500,4,5,Unfurnished,1,62500000,New_Property,Builder_Floor,7200
2200,4,5,Semi-Furnished,2,65000000,New_Property,Builder_Floor,7200
1290,3,2,Semi-Furnished,2,20000000,Resale,Builder_Floor,7200
2250,4,4,Semi-Furnished,2,57500000,New_Property,Builder_Floor,7200
1350,3,3,Semi-Furnished,2,30000000,New_Property,Builder_Floor,7200
1400,3,3,Semi-Furnished,1,30000000,New_Property,Builder_Floor,21429
1700,3,3,Unfurnished,2,30000000,New_Property,Builder_Floor,21429
450,1,1,Unfurnished,,3300000,Resale,Apartment,
750,2,1,Unfurnished,,7350000,Resale,Apartment,
1500,4,1,Unfurnished,,12500000,Resale,Apartment,
400,1,1,Semi-Furnished,1,3500000,Resale,Apartment,
650,2,2,Unfurnished,1,6500000,Resale,Builder_Floor,
900,2,2,Furnished,2,6900000,Resale,Builder_Floor,7666
400,1,1,Unfurnished,1,3600000,Resale,Builder_Floor,7666
900,3,2,Semi-Furnished,2,13500000,Resale,Apartment,7666
1000,3,2,Furnished,1,9200000,Resale,Apartment,9200
405,1,1,Unfurnished,1,2500000,Resale,Apartment,9200
1700,3,2,Furnished,1,17000000,Resale,Apartment,9200
800,3,2,Semi-Furnished,1,9030000,Resale,Apartment,9200
1076.39,3,2,Unfurnished,10,9300000,Resale,Builder_Floor,8640
750,2,1,Semi-Furnished,2,6500000,New_Property,Apartment,8640
460,2,1,Unfurnished,2,3300000,Resale,Builder_Floor,8640
370,1,1,Unfurnished,2,2400000,Resale,Builder_Floor,6486
1800,3,3,Semi-Furnished,1,15000000,New_Property,Builder_Floor,8333
1080,3,1,Unfurnished,1,7000000,New_Property,Apartment,8333
350,1,1,Unfurnished,1,4200000,Resale,Apartment,12000
500,2,1,Furnished,1,5800000,Resale,Apartment,12000
900,3,2,Semi-Furnished,1,4800000,Resale,Apartment,12000
800,2,2,Semi-Furnished,1,7500000,Resale,Apartment,9375
350,1,1,Unfurnished,1,3000000,Resale,Apartment,9375
430.556,1,1,Unfurnished,1,4300000,Resale,Apartment,9375
500,1,1,Semi-Furnished,1,2600000,Resale,Builder_Floor,5200
1450,2,2,Unfurnished,1,7000000,Resale,Apartment,5200
800,2,2,Unfurnished,1,6000000,Resale,Builder_Floor,7500
1000,2,2,Semi-Furnished,1,6700000,Resale,Apartment,6700
1000,3,3,Furnished,1,9500000,Resale,Apartment,9500
1600,3,2,Semi-Furnished,1,17000000,Resale,Apartment,10625
900,2,2,Semi-Furnished,,8000000,Resale,Apartment,
1500,3,3,Semi-Furnished,1,12000000,Resale,Apartment,
1050,2,2,Semi-Furnished,1,9000000,Resale,Apartment,
1300,3,2,Semi-Furnished,2,11500000,Resale,Apartment,
1600,4,3,Furnished,1,20000000,Resale,Apartment,
900,2,2,Semi-Furnished,1,8550000,Resale,Apartment,
1350,4,4,Semi-Furnished,1,10500000,Resale,Apartment,
1000,3,2,Furnished,2,12000000,Resale,Apartment,
1400,3,2,Unfurnished,1,11000000,Resale,Apartment,
975,3,2,Semi-Furnished,1,12000000,Resale,Apartment,
900,2,2,Unfurnished,114,9000000,Resale,Apartment,
1100,2,2,Semi-Furnished,114,10000000,Resale,Apartment,
950,2,2,Unfurnished,114,8100000,Resale,Apartment,
1300,3,3,Furnished,1,9200000,Resale,Apartment,
1459,3,3,Semi-Furnished,1,14200000,Resale,Apartment,
1000,2,2,Semi-Furnished,1,7500000,Resale,Apartment,
1100,2,2,Semi-Furnished,1,9500000,Resale,Apartment,
1450,3,2,Furnished,1,14000000,Resale,Apartment,9655
1450,3,3,Semi-Furnished,1,11600000,Resale,Apartment,9655
1150,3,3,Semi-Furnished,1,12000000,Resale,Apartment,9655
780,2,2,Semi-Furnished,1,7500000,Resale,Apartment,9655
1300,3,2,Semi-Furnished,2,9800000,Resale,Apartment,9655
1350,3,3,Semi-Furnished,1,12000000,Resale,Apartment,9655
1200,3,2,Semi-Furnished,1,12500000,Resale,Apartment,9655
1460,3,3,Semi-Furnished,1,16500000,Resale,Apartment,9655
1460,3,3,Unfurnished,1,12000000,Resale,Apartment,9655
1100,2,2,Unfurnished,1,7200000,Resale,Apartment,9655
1500,3,3,Furnished,2,15000000,Resale,Apartment,10000
1050,2,2,Semi-Furnished,1,10000000,Resale,Apartment,10000
1350,3,3,Semi-Furnished,1,11000000,Resale,Apartment,10000
1500,2,2,Furnished,2,24700000,New_Property,Apartment,16466
976,2,2,Furnished,2,24900000,New_Property,Apartment,25512
540,2,1,Semi-Furnished,1,3600000,New_Property,Builder_Floor,25512
450,1,1,Semi-Furnished,1,1700000,New_Property,Builder_Floor,25512
900,2,2,Unfurnished,1,11000000,Resale,Apartment,25512
2500,4,4,Semi-Furnished,2,75000000,Resale,Builder_Floor,30000
979.5149,2,2,Unfurnished,1,24800000,New_Property,Apartment,30000
945,2,2,Semi-Furnished,1,24900000,New_Property,Apartment,30000
976,2,2,Unfurnished,2,24900000,New_Property,Apartment,30000
1531,2,2,Unfurnished,2,25900000,New_Property,Apartment,16917
1000,2,2,Unfurnished,2,11700000,Resale,Builder_Floor,16917
750,3,2,Furnished,2,13500000,Resale,Apartment,16917
900,3,2,Furnished,1,5500000,Resale,Builder_Floor,16917
1512,2,2,Unfurnished,1,30000000,New_Property,Apartment,19841
35,3,2,Semi-Furnished,2,4950000,Resale,Apartment,19841
1500,3,2,Semi-Furnished,1,16000000,Resale,Apartment,19841
2907,4,4,Semi-Furnished,1,30000000,Resale,Apartment,10320
2210,4,3,Semi-Furnished,1,41000000,Resale,Builder_Floor,10320
750,2,2,Semi-Furnished,1,3800000,Resale,Builder_Floor,10320
2518.7526,4,5,Unfurnished,2,68900000,New_Property,Apartment,10320
588,2,2,Unfurnished,2,1800000,New_Property,Apartment,10320
540,2,1,Unfurnished,2,1500000,Resale,Builder_Floor,2778
1100,3,3,Semi-Furnished,2,12500000,Resale,Apartment,2778
550,2,1,Semi-Furnished,2,1600000,Resale,Apartment,2778
750,3,2,Semi-Furnished,1,2400000,Resale,Builder_Floor,2778
1260,3,2,Semi-Furnished,1,7000000,Resale,Builder_Floor,5556
675,2,2,Unfurnished,1,3100000,Resale,Builder_Floor,5556
810,2,2,Semi-Furnished,1,14500000,Resale,Apartment,5556
3150,4,5,Semi-Furnished,3,61500000,New_Property,Builder_Floor,5556
2000,4,4,Semi-Furnished,1,27500000,Resale,Builder_Floor,5556
1775,3,3,Semi-Furnished,1,25500000,New_Property,Apartment,14366
1135,3,3,Furnished,2,25000000,Resale,Apartment,14366
1252,2,2,Semi-Furnished,1,18500000,New_Property,Apartment,14776
2000,4,4,Semi-Furnished,1,39700000,New_Property,Apartment,14776
530,4,1,Semi-Furnished,1,6800000,Resale,Apartment,14776
1332,3,2,Semi-Furnished,1,6540000,Resale,Builder_Floor,14776
1017,3,3,Semi-Furnished,1,22000000,New_Property,Apartment,14776
1775,3,3,Semi-Furnished,1,25500000,New_Property,Apartment,14366
987,2,2,Semi-Furnished,1,17000000,New_Property,Apartment,14366
1912,3,3,Semi-Furnished,1,27500000,New_Property,Apartment,14382
5236,5,7,Unfurnished,3,73700000,New_Property,Apartment,14092
2805,4,4,Unfurnished,2,52300000,Resale,Apartment,14092
1500,3,3,Unfurnished,2,16000000,Resale,Apartment,14092
1280,3,3,Furnished,2,15000000,Resale,Builder_Floor,14092
1775,3,3,Semi-Furnished,1,25500000,New_Property,Apartment,14366
675,2,2,Semi-Furnished,1,10000000,Resale,Builder_Floor,14815
576,2,2,Unfurnished,1,5000000,Resale,Apartment,14815
1206,3,3,Semi-Furnished,1,20000000,Resale,Builder_Floor,16584
1143,2,2,Unfurnished,1,16000000,Resale,Apartment,125984
345,1,1,Semi-Furnished,1,5500000,Resale,Builder_Floor,125984
720,2,1,Semi-Furnished,1,7000000,Resale,Builder_Floor,9722
468,2,2,Unfurnished,1,4100000,Resale,Builder_Floor,8761
1600,3,3,Semi-Furnished,1,24000000,New_Property,Builder_Floor,8761
950,2,2,Furnished,1,12500000,Resale,Apartment,8761
535,2,1,Furnished,1,3900000,New_Property,Apartment,7290
1200,3,2,Semi-Furnished,1,14500000,Resale,Builder_Floor,7290
1501,3,2,Semi-Furnished,1,20000000,Resale,Apartment,13324
1135,3,3,Furnished,2,24500000,Resale,Apartment,13324
1200,3,2,Semi-Furnished,1,20900000,Resale,Apartment,13324
2200,3,3,Semi-Furnished,1,43100000,New_Property,Apartment,13324
1240,3,3,Unfurnished,1,18000000,Resale,Apartment,
3002,4,5,Semi-Furnished,2,50000000,Resale,Apartment,
1350,3,2,Unfurnished,1,18500000,Resale,Apartment,
2300,4,5,Semi-Furnished,3,46500000,New_Property,Apartment,
1429,3,3,Unfurnished,2,17500000,Resale,Apartment,
2430,4,5,Semi-Furnished,2,42500000,Resale,Apartment,
1450,3,3,Semi-Furnished,2,15500000,New_Property,Apartment,
1250,2,2,Furnished,2,15000000,Resale,Apartment,
2800,4,4,Unfurnished,2,40000000,Resale,Apartment,14285
1646,3,3,Unfurnished,1,20000000,Resale,Apartment,12151
900,2,2,Semi-Furnished,1,6700000,Resale,Apartment,12151
1250,3,2,Semi-Furnished,1,16000000,Resale,Apartment,12151
900,3,2,Unfurnished,1,8000000,Resale,Builder_Floor,8889
1590,3,2,Unfurnished,2,25000000,New_Property,Apartment,8889
990,3,2,Unfurnished,2,25000000,Resale,Apartment,8889
2282,4,5,Unfurnished,2,37500000,Resale,Apartment,8889
1260,3,3,Semi-Furnished,1,25000000,Resale,Apartment,8889
1457,3,3,Unfurnished,1,23000000,Resale,Apartment,8889
1400,3,2,Semi-Furnished,2,17500000,Resale,Apartment,8889
2175,4,4,Unfurnished,1,44000000,Resale,Apartment,8889
1450,3,3,Semi-Furnished,2,15000000,New_Property,Apartment,8889
2800,4,5,Semi-Furnished,2,42500000,Resale,Apartment,15178
861.112,2,2,Furnished,2,5000000,Resale,Builder_Floor,5806
2282,4,5,Unfurnished,2,38000000,Resale,Apartment,5806
1753,3,3,Unfurnished,1,19000000,Resale,Apartment,10838
2659,4,5,Unfurnished,3,43500000,Resale,Apartment,10838
1550,3,2,Unfurnished,3,19500000,Resale,Apartment,10838
1470,3,2,Semi-Furnished,2,14200000,New_Property,Apartment,10838
702,3,2,Semi-Furnished,2,14200000,Resale,Apartment,10838
1138,2,2,Semi-Furnished,2,13500000,New_Property,Apartment,10838
1600,3,3,Semi-Furnished,2,21000000,New_Property,Builder_Floor,
1600,3,3,Semi-Furnished,1,22500000,Resale,Builder_Floor,
1250,2,4,Semi-Furnished,1,19000000,Resale,Builder_Floor,
810,3,2,Semi-Furnished,1,7500000,Resale,Builder_Floor,
585,2,2,Semi-Furnished,1,4000000,Resale,Builder_Floor,
1700,3,3,Unfurnished,2,8000000,Resale,Builder_Floor,
1800,3,4,Semi-Furnished,2,19000000,Resale,Apartment,10556
600,1,1,Unfurnished,2,7000000,New_Property,Apartment,10556
1250,3,3,Unfurnished,1,5800000,New_Property,Builder_Floor,10556
600,3,2,Semi-Furnished,1,8000000,Resale,Builder_Floor,10556
1600,3,4,Unfurnished,1,18800000,Resale,Apartment,10556
1100,3,2,Semi-Furnished,1,6000000,New_Property,Builder_Floor,10556
450,1,1,Unfurnished,1,2200000,New_Property,Apartment,10556
855,3,2,Semi-Furnished,1,6500000,Resale,Builder_Floor,10556
1291.668,3,2,Unfurnished,1,23500000,Resale,Apartment,10556
1300,2,2,Semi-Furnished,2,16000000,Resale,Apartment,12307
1350,3,3,Unfurnished,2,20000000,Resale,Apartment,12307
900,2,2,Unfurnished,2,5500000,New_Property,Builder_Floor,12307
850,2,2,Semi-Furnished,1,13500000,Resale,Apartment,15882
1650,3,3,Semi-Furnished,1,22500000,Resale,Builder_Floor,15882
650,2,2,Unfurnished,1,3800000,Resale,Apartment,15882
630,2,2,Semi-Furnished,1,4600000,Resale,Builder_Floor,65714
1250,2,1,Semi-Furnished,2,17500000,Resale,Apartment,65714
1800,4,3,Furnished,2,5500000,New_Property,Builder_Floor,65714
1500,3,3,Semi-Furnished,2,22500000,Resale,Builder_Floor,65714
1100,2,2,Semi-Furnished,1,12500000,Resale,Apartment,11363
1400,3,2,Semi-Furnished,2,19000000,Resale,Apartment,13571
1300,2,2,Semi-Furnished,2,15500000,Resale,Apartment,11923
1100,2,2,Semi-Furnished,2,13500000,Resale,Apartment,12272
1600,3,3,Semi-Furnished,2,21000000,Resale,Apartment,13125
2250,4,4,Semi-Furnished,2,50000000,New_Property,Builder_Floor,
2592,4,3,Unfurnished,2,42500000,Resale,Builder_Floor,
1800,4,4,Unfurnished,2,45500000,New_Property,Builder_Floor,
1700,3,3,Semi-Furnished,2,23000000,Resale,Builder_Floor,
1640,3,3,Unfurnished,1,12000000,Resale,Apartment,
2572,3,3,Furnished,4,35000000,Resale,Apartment,13608
2100,3,3,Semi-Furnished,1,25000000,Resale,Builder_Floor,11905
1620,3,3,Semi-Furnished,1,29000000,New_Property,Builder_Floor,11905
2500,4,4,Semi-Furnished,2,80000000,New_Property,Builder_Floor,11905
2250,3,3,Semi-Furnished,2,20500000,Resale,Apartment,11905
2445,4,4,Semi-Furnished,1,52500000,Resale,Apartment,11905
2250,4,4,Unfurnished,2,37500000,New_Property,Builder_Floor,11905
800,2,2,Semi-Furnished,2,7500000,Resale,Apartment,11905
1450,3,3,Semi-Furnished,2,32500000,Resale,Builder_Floor,11905
1440,3,3,Unfurnished,2,24500000,Resale,Builder_Floor,11905
5220,5,5,Unfurnished,2,65000000,Resale,Builder_Floor,11905
1800,3,3,Semi-Furnished,2,27500000,New_Property,Builder_Floor,11905
4455,5,5,Semi-Furnished,1,115000000,New_Property,Builder_Floor,11905
195,3,3,Semi-Furnished,1,28000000,New_Property,Builder_Floor,11905
807.2925,2,1,Semi-Furnished,1,8000000,Resale,Builder_Floor,9909
3500,4,4,Furnished,3,75100000,New_Property,Builder_Floor,9909
1000,2,2,Semi-Furnished,1,7800000,Resale,Apartment,7800
900,2,2,Semi-Furnished,1,15000000,Resale,Builder_Floor,16667
1800,3,3,Furnished,1,27500000,Resale,Builder_Floor,15278
17010,3,3,Semi-Furnished,2,25000000,Resale,Builder_Floor,15278
2340,4,4,Semi-Furnished,1,26000000,Resale,Builder_Floor,15278
1350,3,3,Unfurnished,1,23500000,Resale,Apartment,15278
464,3,1,Unfurnished,1,4200000,Resale,Builder_Floor,15278
954,2,2,Unfurnished,1,10000000,Resale,Builder_Floor,15278
1155,2,2,Semi-Furnished,1,18500000,Resale,Builder_Floor,15278
700,2,2,Unfurnished,,16500000,Resale,Apartment,
980,2,2,Semi-Furnished,2,13800000,Resale,Apartment,
1350,3,3,Semi-Furnished,2,21000000,Resale,Apartment,
1800,3,3,Semi-Furnished,2,22500000,Resale,Apartment,
968.751,2,2,Semi-Furnished,2,15000000,Resale,Apartment,
1250,3,3,Semi-Furnished,2,20000000,New_Property,Apartment,
1800,3,3,Furnished,2,20000000,New_Property,Apartment,
1400,3,2,Semi-Furnished,2,26000000,Resale,Builder_Floor,
1000,3,3,Semi-Furnished,2,19500000,Resale,Apartment,
1800,4,2,Semi-Furnished,1,21500000,Resale,Apartment,
1500,3,3,Unfurnished,1,26500000,New_Property,Apartment,
1600,3,3,Semi-Furnished,2,20000000,Resale,Apartment,12500
1400,3,3,Furnished,1,18000000,Resale,Apartment,12500
1400,3,2,Unfurnished,1,19000000,Resale,Apartment,12500
2700,4,4,Unfurnished,2,36500000,Resale,Builder_Floor,12500
1100,2,2,Unfurnished,2,15000000,Resale,Apartment,12500
1200,2,2,Semi-Furnished,2,17500000,Resale,Apartment,12500
1400,2,2,Semi-Furnished,2,14000000,Resale,Apartment,12500
1500,3,3,Semi-Furnished,2,21000000,Resale,Apartment,12500
1320,3,2,Unfurnished,2,15600000,Resale,Apartment,12500
1300,3,3,Unfurnished,2,19000000,Resale,Apartment,12500
1150,2,2,Unfurnished,1,16500000,Resale,Apartment,12500
1440,3,3,Unfurnished,1,19000000,Resale,Apartment,12500
1400,2,2,Unfurnished,1,16500000,Resale,Apartment,12500
450,1,1,Semi-Furnished,1,3000000,Resale,Builder_Floor,12500
1300,2,2,Semi-Furnished,1,15000000,Resale,Apartment,11538
1200,2,2,Unfurnished,1,14300000,Resale,Apartment,11538
1300,3,2,Unfurnished,1,18500000,Resale,Apartment,11538
1400,3,3,Furnished,1,19000000,Resale,Apartment,11538
1400,3,3,Semi-Furnished,1,19000000,Resale,Apartment,11538
500,2,2,Semi-Furnished,1,3300000,New_Property,Builder_Floor,
700,2,2,Semi-Furnished,1,3800000,New_Property,Builder_Floor,
900,3,3,Semi-Furnished,1,7000000,New_Property,Builder_Floor,
1260,3,3,Semi-Furnished,2,16500000,Resale,Builder_Floor,
950,3,2,Semi-Furnished,1,8000000,New_Property,Apartment,
405,1,1,Unfurnished,1,5600000,Resale,Builder_Floor,
1800,2,2,Furnished,1,21000000,Resale,Builder_Floor,
1300,3,3,Semi-Furnished,2,21000000,Resale,Builder_Floor,
1000,3,3,Semi-Furnished,2,8600000,New_Property,Apartment,
900,3,2,Semi-Furnished,2,6600000,Resale,Apartment,
1800,3,3,Semi-Furnished,2,14000000,Resale,Builder_Floor,
720,2,2,Unfurnished,2,4700000,Resale,Builder_Floor,
1485,3,3,Unfurnished,1,30000000,Resale,Apartment,
1600,3,3,Semi-Furnished,2,26000000,Resale,Builder_Floor,
1200,2,2,Furnished,2,18500000,Resale,Apartment,
900,2,2,Semi-Furnished,2,6500000,Resale,Apartment,
900,2,2,Unfurnished,2,15000000,Resale,Apartment,
800,2,2,Semi-Furnished,1,8000000,Resale,Builder_Floor,10000
1150,2,3,Semi-Furnished,2,16100000,Resale,Apartment,10000
900,3,3,Semi-Furnished,1,6800000,New_Property,Builder_Floor,10000
1070,3,2,Furnished,1,6800000,Resale,Apartment,10000
1050,2,2,Unfurnished,1,9000000,Resale,Apartment,10000
1000,2,2,Semi-Furnished,1,18000000,Resale,Builder_Floor,18000
1550,3,3,Unfurnished,2,27500000,Resale,Builder_Floor,18000
1300,3,2,Unfurnished,1,13500000,Resale,Apartment,18000
810,2,2,Semi-Furnished,1,14000000,New_Property,Builder_Floor,18000
900,2,2,Furnished,1,9000000,Resale,Builder_Floor,18000
1200,2,2,Unfurnished,1,16000000,Resale,Apartment,18000
1000,2,3,Semi-Furnished,1,11000000,Resale,Apartment,18000
720,2,2,Unfurnished,1,5500000,New_Property,Builder_Floor,18000
2520,3,3,Unfurnished,,47500000,New_Property,Builder_Floor,
1700,3,4,Unfurnished,2,45000000,New_Property,Builder_Floor,
1800,3,3,Semi-Furnished,2,43500000,New_Property,Builder_Floor,24166
6000,5,5,Semi-Furnished,3,180000000,New_Property,Apartment,30000
1800,4,4,Semi-Furnished,2,80000000,New_Property,Builder_Floor,30000
2000,3,3,Unfurnished,2,37500000,Resale,Apartment,30000
2066,4,4,Unfurnished,2,60000000,New_Property,Builder_Floor,30000
2050,3,3,Semi-Furnished,2,71000000,New_Property,Builder_Floor,30000
1100,3,3,Unfurnished,2,18500000,Resale,Apartment,30000
4500,4,4,Semi-Furnished,2,70000000,New_Property,Builder_Floor,30000
4500,4,5,Semi-Furnished,2,85000000,New_Property,Builder_Floor,170000
6500,4,5,Unfurnished,3,190000000,New_Property,Builder_Floor,170000
4350,4,6,Semi-Furnished,2,135000000,New_Property,Apartment,170000
1750,3,3,Unfurnished,2,35000000,Resale,Builder_Floor,170000
3600,4,4,Semi-Furnished,2,65000000,New_Property,Builder_Floor,18055
1200,2,2,Furnished,1,27500000,Resale,Builder_Floor,18055
1500,3,4,Unfurnished,2,45000000,Resale,Builder_Floor,18055
2250,4,4,Unfurnished,3,100000000,New_Property,Builder_Floor,18055
1800,3,4,Semi-Furnished,2,47000000,New_Property,Builder_Floor,18055
1600,3,4,Semi-Furnished,2,27500000,Resale,Builder_Floor,18055
2800,4,5,Semi-Furnished,3,70000000,New_Property,Builder_Floor,25000
1700,3,3,Semi-Furnished,1,36500000,Resale,Apartment,25000
2400,4,5,Unfurnished,1,65000000,Resale,Builder_Floor,25000
1980,3,4,Unfurnished,1,35000000,New_Property,Apartment,17677
2100,4,5,Semi-Furnished,1,56000000,New_Property,Builder_Floor,17677
5400,4,4,Unfurnished,2,110000000,Resale,Builder_Floor,17677
1250,3,3,Semi-Furnished,1,24000000,Resale,Builder_Floor,17677
2300,4,4,Semi-Furnished,1,102500000,New_Property,Builder_Floor,17677
2700,4,4,Semi-Furnished,2,100000000,New_Property,Builder_Floor,37037
1450,3,3,Semi-Furnished,1,45000000,New_Property,Builder_Floor,37037
2097,3,3,Unfurnished,,29000000,Resale,Builder_Floor,
1250,3,3,Semi-Furnished,1,25500000,New_Property,Builder_Floor,
1600,3,3,Semi-Furnished,2,33500000,New_Property,Builder_Floor,20938
2600,4,5,Semi-Furnished,3,62500000,New_Property,Builder_Floor,20938
1700,3,3,Semi-Furnished,2,47500000,New_Property,Builder_Floor,20938
1116,3,3,Semi-Furnished,1,14700000,Resale,Builder_Floor,20938
1070,2,3,Semi-Furnished,1,18000000,New_Property,Builder_Floor,20938
1200,3,3,Semi-Furnished,1,22500000,New_Property,Builder_Floor,20938
1200,3,3,Unfurnished,1,22000000,New_Property,Builder_Floor,18333
1200,3,3,Semi-Furnished,1,22200000,New_Property,Builder_Floor,18333
1450,3,3,Semi-Furnished,1,22500000,Resale,Builder_Floor,18333
1000,2,2,Semi-Furnished,1,7500000,Resale,Apartment,18333
2430,4,4,Furnished,5,30000000,Resale,Builder_Floor,18333
945,2,1,Unfurnished,5,6500000,Resale,Apartment,6878
1650,3,3,Unfurnished,5,35000000,New_Property,Builder_Floor,6878
1350,3,2,Semi-Furnished,1,17500000,Resale,Builder_Floor,6878
2625,4,5,Semi-Furnished,2,60000000,New_Property,Builder_Floor,6878
1800,4,4,Semi-Furnished,2,40000000,New_Property,Builder_Floor,6878
125,3,3,Semi-Furnished,2,11500000,New_Property,Builder_Floor,6878
1440,3,3,Semi-Furnished,2,22500000,New_Property,Builder_Floor,6878
1900,3,4,Semi-Furnished,2,28500000,New_Property,Builder_Floor,6878
1800,3,3,Semi-Furnished,2,29000000,Resale,Builder_Floor,6878
1200,3,2,Semi-Furnished,1,15500000,Resale,Builder_Floor,12916
1800,3,3,Semi-Furnished,1,26000000,Resale,Builder_Floor,12916
1200,3,3,Semi-Furnished,1,16500000,Resale,Builder_Floor,12916
4118,4,5,Unfurnished,3,55000000,New_Property,Builder_Floor,12916
1050,3,2,Semi-Furnished,3,12500000,Resale,Builder_Floor,12916
875,3,3,Semi-Furnished,3,17500000,New_Property,Builder_Floor,12916
990,2,2,Unfurnished,1,11500000,Resale,Builder_Floor,12916
11050,3,3,Unfurnished,1,18500000,New_Property,Builder_Floor,12916
